Age,Fare,FamilySize,Sex_female,Sex_male,Embarked_C,Embarked_Q,Embarked_S
-0.5657364610748749,-0.5024451714361923,0.059159876663617654,0.0,1.0,0.0,0.0,1.0
0.663861032065784,0.7868452935884461,0.059159876663617654,1.0,0.0,1.0,0.0,0.0
-0.25833708778971004,-0.4888542575852486,-0.5609748304808926,1.0,0.0,0.0,0.0,1.0
0.4333115021019105,0.4207302360686478,0.059159876663617654,1.0,0.0,0.0,0.0,1.0
0.4333115021019105,-0.4863374216869257,-0.5609748304808926,0.0,1.0,0.0,0.0,1.0
-0.10463740114712776,-0.47811642890864375,-0.5609748304808926,0.0,1.0,0.0,1.0,0.0
1.8934585252064429,0.395813560675251,-0.5609748304808926,0.0,1.0,0.0,0.0,1.0
-2.1027333275006983,-0.22408312108167944,1.9195639980971484,0.0,1.0,0.0,0.0,1.0
-0.1814872444684189,-0.4242561406845337,0.6792945838081279,1.0,0.0,0.0,0.0,1.0
-1.1805352076452043,-0.04295550208861427,0.059159876663617654,1.0,0.0,1.0,0.0,0.0
-1.9490336408581161,-0.312172377522981,0.6792945838081279,1.0,0.0,0.0,0.0,1.0
2.2008578984916074,-0.11384570873513637,-0.5609748304808926,1.0,0.0,0.0,0.0,1.0
-0.7194361477174571,-0.4863374216869257,-0.5609748304808926,0.0,1.0,0.0,0.0,1.0
0.7407108753870751,-0.018709311778530763,3.159833412386169,0.0,1.0,0.0,0.0,1.0
-1.1805352076452043,-0.4902797934380587,-0.5609748304808926,1.0,0.0,0.0,0.0,1.0
1.970308368527734,-0.3262666585535892,-0.5609748304808926,1.0,0.0,0.0,0.0,1.0
-2.1027333275006983,-0.061998889229684634,2.539698705241659,0.0,1.0,0.0,1.0,0.0
-0.10463740114712776,-0.3866707201133388,-0.5609748304808926,0.0,1.0,0.0,0.0,1.0
0.12591212881674577,-0.2859972841804228,0.059159876663617654,1.0,0.0,0.0,0.0,1.0
-0.10463740114712776,-0.5029485386158568,-0.5609748304808926,1.0,0.0,1.0,0.0,0.0
0.4333115021019105,-0.12491978668775715,-0.5609748304808926,0.0,1.0,0.0,0.0,1.0
0.35646165878061925,-0.3866707201133388,-0.5609748304808926,0.0,1.0,0.0,0.0,1.0
-1.103685364323913,-0.4867562231804066,-0.5609748304808926,1.0,0.0,0.0,1.0,0.0
-0.10463740114712776,0.06635974158478332,-0.5609748304808926,0.0,1.0,0.0,0.0,1.0
-1.6416342675729514,-0.22408312108167944,1.9195639980971484,1.0,0.0,0.0,0.0,1.0
0.663861032065784,-0.01644415947004014,3.159833412386169,1.0,0.0,0.0,0.0,1.0
-0.10463740114712776,-0.5029485386158568,-0.5609748304808926,0.0,1.0,1.0,0.0,0.0
-0.7962859910387483,4.647001076532463,2.539698705241659,0.0,1.0,0.0,0.0,1.0
-0.10463740114712776,-0.48977642625839407,-0.5609748304808926,1.0,0.0,0.0,1.0,0.0
-0.10463740114712776,-0.4894421904510968,-0.5609748304808926,0.0,1.0,0.0,0.0,1.0
0.8175607187083664,-0.09027201697708476,-0.5609748304808926,0.0,1.0,1.0,0.0,0.0
-0.10463740114712776,2.301728820789,0.059159876663617654,1.0,0.0,1.0,0.0,0.0
-0.10463740114712776,-0.49237782784290063,-0.5609748304808926,1.0,0.0,0.0,1.0,0.0
2.8156566450619374,-0.43700743807979686,-0.5609748304808926,0.0,1.0,0.0,0.0,1.0
-0.10463740114712776,1.0060617003323709,0.059159876663617654,0.0,1.0,1.0,0.0,0.0
0.9712604053509487,0.39858208016340624,0.059159876663617654,0.0,1.0,0.0,0.0,1.0
-0.10463740114712776,-0.5028639729296732,-0.5609748304808926,0.0,1.0,1.0,0.0,0.0
-0.642586304396166,-0.4863374216869257,-0.5609748304808926,0.0,1.0,0.0,0.0,1.0
-0.8731358343600396,-0.2859972841804228,0.6792945838081279,1.0,0.0,0.0,0.0,1.0
-1.1805352076452043,-0.42207354059350805,0.059159876663617654,1.0,0.0,1.0,0.0,0.0
0.8175607187083664,-0.4576454924460446,0.059159876663617654,1.0,0.0,0.0,0.0,1.0
-0.1814872444684189,-0.22559322262067316,0.059159876663617654,1.0,0.0,0.0,0.0,1.0
-0.10463740114712776,-0.4894421904510968,-0.5609748304808926,0.0,1.0,1.0,0.0,0.0
-2.025883484179407,0.18876253192945994,1.2994292909526381,1.0,0.0,1.0,0.0,0.0
-0.7962859910387483,-0.48977642625839407,-0.5609748304808926,1.0,0.0,0.0,1.0,0.0
-0.10463740114712776,-0.4863374216869257,-0.5609748304808926,0.0,1.0,0.0,0.0,1.0
-0.10463740114712776,-0.3363340021468808,0.059159876663617654,0.0,1.0,0.0,1.0,0.0
-0.10463740114712776,-0.49237782784290063,-0.5609748304808926,1.0,0.0,0.0,1.0,0.0
-0.10463740114712776,-0.21191774308354583,0.6792945838081279,0.0,1.0,1.0,0.0,0.0
-0.8731358343600396,-0.29002422161773944,0.059159876663617654,1.0,0.0,0.0,0.0,1.0
-1.7184841108942426,0.1506737441786005,2.539698705241659,0.0,1.0,0.0,0.0,1.0
-0.642586304396166,-0.4913710934835715,-0.5609748304808926,0.0,1.0,0.0,0.0,1.0
1.509209308599987,0.8964967865378598,0.059159876663617654,1.0,0.0,1.0,0.0,0.0
-0.027787557825836574,-0.12491978668775715,0.059159876663617654,1.0,0.0,0.0,0.0,1.0
2.738806801740646,0.5995101505357573,0.059159876663617654,0.0,1.0,1.0,0.0,0.0
-0.10463740114712776,0.06635974158478332,-0.5609748304808926,0.0,1.0,0.0,0.0,1.0
-0.642586304396166,-0.43700743807979686,-0.5609748304808926,1.0,0.0,0.0,0.0,1.0
-0.06621247948648216,-0.5028639729296732,-0.5609748304808926,0.0,1.0,1.0,0.0,0.0
-1.872183797536825,-0.08968408411123653,1.2994292909526381,1.0,0.0,0.0,0.0,1.0
-1.4110847376090778,0.2958951755118318,3.7799681195306793,0.0,1.0,0.0,0.0,1.0
-0.5657364610748749,-0.5028639729296732,-0.5609748304808926,0.0,1.0,1.0,0.0,0.0
0.663861032065784,0.962353321387736,-0.5609748304808926,1.0,0.0,0.0,0.0,1.0
1.2018099353148222,1.0323213593611125,0.059159876663617654,0.0,1.0,0.0,0.0,1.0
-1.9490336408581161,-0.08666388103324908,2.539698705241659,0.0,1.0,0.0,0.0,1.0
-0.10463740114712776,-0.09027201697708476,-0.5609748304808926,0.0,1.0,1.0,0.0,0.0
-0.10463740114712776,-0.3414522396297103,0.6792945838081279,0.0,1.0,1.0,0.0,0.0
-0.027787557825836574,-0.43700743807979686,-0.5609748304808926,1.0,0.0,0.0,0.0,1.0
-0.7962859910387483,-0.4841568350646187,-0.5609748304808926,0.0,1.0,0.0,0.0,1.0
-0.9499856776813307,-0.4888542575852486,3.159833412386169,1.0,0.0,0.0,0.0,1.0
-0.25833708778971004,-0.47400492578514347,0.6792945838081279,0.0,1.0,0.0,0.0,1.0
0.20276197213803698,-0.43700743807979686,-0.5609748304808926,0.0,1.0,0.0,0.0,1.0
-1.0268355210026219,0.2958951755118318,3.7799681195306793,1.0,0.0,0.0,0.0,1.0
-0.642586304396166,0.8314778546749452,-0.5609748304808926,0.0,1.0,0.0,0.0,1.0
-0.25833708778971004,-0.3573908580066095,0.059159876663617654,0.0,1.0,1.0,0.0,0.0
0.20276197213803698,0.48910360681684706,-0.5609748304808926,0.0,1.0,0.0,0.0,1.0
-0.3351869311110013,-0.494391296561559,-0.5609748304808926,0.0,1.0,0.0,0.0,1.0
-0.10463740114712776,-0.4894421904510968,-0.5609748304808926,0.0,1.0,0.0,0.0,1.0
-0.10463740114712776,-0.4863374216869257,-0.5609748304808926,0.0,1.0,0.0,0.0,1.0
-2.1926476441866094,-0.06451572512800753,0.6792945838081279,0.0,1.0,0.0,0.0,1.0
0.0490622854954546,-0.397241430886295,-0.5609748304808926,1.0,0.0,0.0,0.0,1.0
-0.5657364610748749,-0.46720946885967163,-0.5609748304808926,0.0,1.0,0.0,0.0,1.0
-0.027787557825836574,-0.45714212526638004,-0.5609748304808926,0.0,1.0,0.0,0.0,1.0
-0.10463740114712776,-0.49162277707340374,-0.5609748304808926,1.0,0.0,0.0,1.0,0.0
-0.10463740114712776,0.29992211294914856,-0.5609748304808926,0.0,1.0,0.0,0.0,1.0
-0.9499856776813307,-0.43700743807979686,-0.5609748304808926,1.0,0.0,0.0,0.0,1.0
0.2796118154593281,-0.32928686163157667,1.2994292909526381,1.0,0.0,0.0,0.0,1.0
-1.0268355210026219,0.0437082184998772,1.9195639980971484,0.0,1.0,0.0,0.0,1.0
-0.10463740114712776,-0.4863374216869257,-0.5609748304808926,0.0,1.0,0.0,0.0,1.0
-0.48888661775358366,4.647001076532463,2.539698705241659,1.0,0.0,0.0,0.0,1.0
-0.4120367744322925,-0.4863374216869257,-0.5609748304808926,0.0,1.0,0.0,0.0,1.0
-0.027787557825836574,-0.4863374216869257,-0.5609748304808926,0.0,1.0,0.0,0.0,1.0
-0.7194361477174571,-0.4902797934380587,-0.5609748304808926,0.0,1.0,0.0,0.0,1.0
1.2786597786361136,0.5833178351003071,0.059159876663617654,0.0,1.0,0.0,0.0,1.0
-0.25833708778971004,-0.23415046467497105,1.2994292909526381,0.0,1.0,0.0,0.0,1.0
2.277707741812899,-0.5024451714361923,-0.5609748304808926,0.0,1.0,0.0,0.0,1.0
-0.10463740114712776,-0.4863374216869257,-0.5609748304808926,0.0,1.0,0.0,0.0,1.0
3.199905861668393,0.04932982316237129,-0.5609748304808926,0.0,1.0,1.0,0.0,0.0
-0.48888661775358366,0.6272778976347743,0.059159876663617654,0.0,1.0,1.0,0.0,0.0
0.35646165878061925,-0.18532384824750675,0.059159876663617654,1.0,0.0,0.0,0.0,1.0
0.35646165878061925,-0.12491978668775715,0.059159876663617654,0.0,1.0,0.0,0.0,1.0
-0.10463740114712776,-0.4894421904510968,-0.5609748304808926,1.0,0.0,0.0,0.0,1.0
-0.10463740114712776,-0.4894421904510968,-0.5609748304808926,0.0,1.0,0.0,0.0,1.0
-0.642586304396166,0.907737982394129,0.059159876663617654,0.0,1.0,0.0,0.0,1.0
0.2796118154593281,-0.4741720436887921,-0.5609748304808926,0.0,1.0,0.0,0.0,1.0
0.5870111887444929,-0.4888542575852486,0.6792945838081279,0.0,1.0,0.0,0.0,1.0
-0.10463740114712776,-0.4894421904510968,-0.5609748304808926,0.0,1.0,0.0,0.0,1.0
-0.642586304396166,-0.494391296561559,-0.5609748304808926,1.0,0.0,0.0,0.0,1.0
-0.10463740114712776,-0.4918744606632361,-0.5609748304808926,0.0,1.0,0.0,0.0,1.0
0.663861032065784,-0.4894421904510968,-0.5609748304808926,0.0,1.0,0.0,0.0,1.0
-0.10463740114712776,-0.1621689579829361,0.059159876663617654,1.0,0.0,0.0,1.0,0.0
1.3555096219574045,0.39858208016340624,-0.5609748304808926,0.0,1.0,0.0,0.0,1.0
-1.1421102859845589,-0.3573908580066095,0.059159876663617654,1.0,0.0,1.0,0.0,0.0
-0.5657364610748749,-0.4863374216869257,-0.5609748304808926,0.0,1.0,0.0,0.0,1.0
-0.7194361477174571,-0.4505983519307405,0.059159876663617654,1.0,0.0,0.0,0.0,1.0
-0.9499856776813307,-0.3573083057891445,-0.5609748304808926,1.0,0.0,1.0,0.0,0.0
-0.642586304396166,-0.4888542575852486,-0.5609748304808926,0.0,1.0,0.0,0.0,1.0
3.1614809400077473,-0.49237782784290063,-0.5609748304808926,0.0,1.0,0.0,1.0,0.0
-0.027787557825836574,-0.22559322262067316,0.059159876663617654,0.0,1.0,0.0,0.0,1.0
-0.4120367744322925,4.335332226633905,0.059159876663617654,0.0,1.0,1.0,0.0,0.0
-2.1027333275006983,-0.018709311778530763,3.159833412386169,1.0,0.0,0.0,0.0,1.0
-0.642586304396166,0.8314778546749452,0.6792945838081279,0.0,1.0,0.0,0.0,1.0
-0.10463740114712776,-0.4863374216869257,-0.5609748304808926,0.0,1.0,0.0,0.0,1.0
0.24118689379868255,-0.04295550208861427,0.059159876663617654,0.0,1.0,1.0,0.0,0.0
0.24118689379868255,-0.3866707201133388,-0.5609748304808926,1.0,0.0,0.0,0.0,1.0
1.8934585252064429,0.907737982394129,0.059159876663617654,0.0,1.0,0.0,0.0,1.0
-1.3342348942877866,-0.42207354059350805,0.059159876663617654,0.0,1.0,1.0,0.0,0.0
-0.10463740114712776,-0.49237782784290063,-0.5609748304808926,0.0,1.0,0.0,1.0,0.0
-0.4120367744322925,-0.5046257580584992,-0.5609748304808926,0.0,1.0,0.0,0.0,1.0
-0.10463740114712776,-0.19824427701513722,0.6792945838081279,1.0,0.0,1.0,0.0,0.0
1.2018099353148222,-0.5079822104125026,-0.5609748304808926,0.0,1.0,0.0,0.0,1.0
0.2796118154593281,-0.4894421904510968,-0.5609748304808926,0.0,1.0,1.0,0.0,0.0
-0.7194361477174571,-0.5064721088735089,-0.5609748304808926,0.0,1.0,0.0,0.0,1.0
1.3555096219574045,-0.35646868933346404,0.059159876663617654,1.0,0.0,0.0,0.0,1.0
-0.027787557825836574,-0.12491978668775715,0.059159876663617654,1.0,0.0,0.0,0.0,1.0
-0.3351869311110013,-0.3866707201133388,-0.5609748304808926,0.0,1.0,0.0,0.0,1.0
-0.48888661775358366,-0.3454791770670269,-0.5609748304808926,0.0,1.0,1.0,0.0,0.0
-0.7962859910387483,-0.11921562980779811,0.6792945838081279,1.0,0.0,0.0,0.0,1.0
0.5870111887444929,0.4207302360686478,0.059159876663617654,0.0,1.0,0.0,0.0,1.0
-1.0268355210026219,-0.4628462821463391,-0.5609748304808926,0.0,1.0,0.0,0.0,1.0
-0.4120367744322925,0.9462455716384695,-0.5609748304808926,0.0,1.0,1.0,0.0,0.0
-0.10463740114712776,-0.3414522396297103,0.6792945838081279,1.0,0.0,1.0,0.0,0.0
-0.5657364610748749,-0.49237782784290063,-0.5609748304808926,1.0,0.0,0.0,0.0,1.0
-0.4120367744322925,-0.32928686163157667,0.059159876663617654,1.0,0.0,0.0,0.0,1.0
-0.7962859910387483,-0.5125125150294839,-0.5609748304808926,0.0,1.0,0.0,1.0,0.0
-0.8731358343600396,-0.41687275089321363,-0.5609748304808926,0.0,1.0,0.0,0.0,1.0
-0.7962859910387483,0.09152810056801232,0.6792945838081279,0.0,1.0,0.0,0.0,1.0
-0.1814872444684189,-0.49145565916975514,-0.5609748304808926,0.0,1.0,0.0,0.0,1.0
-1.56478442425166,0.0437082184998772,1.9195639980971484,1.0,0.0,0.0,0.0,1.0
0.5485862670838473,-0.12491978668775715,0.6792945838081279,0.0,1.0,0.0,0.0,1.0
0.9712604053509487,-0.3866707201133388,-0.5609748304808926,0.0,1.0,0.0,0.0,1.0
1.6629089952425693,-0.39623469652696586,-0.5609748304808926,0.0,1.0,0.0,0.0,1.0
-0.5657364610748749,0.6925485130875209,0.059159876663617654,1.0,0.0,0.0,0.0,1.0
2.0087332901883794,-0.4863374216869257,-0.5609748304808926,0.0,1.0,0.0,0.0,1.0
0.8559856403690119,-0.35646868933346404,0.6792945838081279,0.0,1.0,0.0,0.0,1.0
-0.10463740114712776,-0.5011867534870308,-0.5609748304808926,0.0,1.0,0.0,0.0,1.0
1.6629089952425693,0.5874293382238074,0.059159876663617654,0.0,1.0,1.0,0.0,0.0
-1.0268355210026219,-0.49271407711891657,-0.5609748304808926,1.0,0.0,0.0,1.0,0.0
0.0490622854954546,-0.4863374216869257,-0.5609748304808926,0.0,1.0,0.0,0.0,1.0
-0.10463740114712776,-0.47400492578514347,-0.5609748304808926,0.0,1.0,0.0,0.0,1.0
-0.10463740114712776,0.7519458402879414,5.6403722409642105,0.0,1.0,0.0,0.0,1.0
1.1249600919935312,-0.32425318983493084,0.059159876663617654,0.0,1.0,0.0,0.0,1.0
0.8175607187083664,-0.331300330350235,-0.5609748304808926,1.0,0.0,0.0,0.0,1.0
-0.25833708778971004,-0.4918744606632361,-0.5609748304808926,0.0,1.0,0.0,0.0,1.0
-0.9499856776813307,-0.47400492578514347,-0.5609748304808926,0.0,1.0,0.0,0.0,1.0
-2.1795831708219895,0.1506737441786005,2.539698705241659,0.0,1.0,0.0,0.0,1.0
-1.56478442425166,-0.2351571990343002,0.6792945838081279,0.0,1.0,0.0,0.0,1.0
-0.10463740114712776,0.4589861417231558,0.059159876663617654,1.0,0.0,0.0,0.0,1.0
1.2018099353148222,-0.08666388103324908,2.539698705241659,1.0,0.0,0.0,0.0,1.0
-0.10463740114712776,-0.12642988822675086,-0.5609748304808926,0.0,1.0,0.0,0.0,1.0
-0.10463740114712776,0.48910360681684706,-0.5609748304808926,0.0,1.0,0.0,0.0,1.0
2.431407428455481,0.0260903672116169,-0.5609748304808926,0.0,1.0,0.0,0.0,1.0
-1.9490336408581161,-0.061998889229684634,2.539698705241659,0.0,1.0,0.0,1.0,0.0
-2.1795831708219895,-0.4242561406845337,0.6792945838081279,1.0,0.0,0.0,0.0,1.0
-0.642586304396166,-0.4888542575852486,-0.5609748304808926,0.0,1.0,0.0,0.0,1.0
2.0471582118490255,-0.030371322596999758,-0.5609748304808926,0.0,1.0,1.0,0.0,0.0
-0.8731358343600396,-0.4902797934380587,0.6792945838081279,0.0,1.0,0.0,0.0,1.0
-0.10463740114712776,-0.13565761536436197,1.9195639980971484,0.0,1.0,0.0,0.0,1.0
1.586059151921278,-0.07030444769415023,-0.5609748304808926,1.0,0.0,1.0,0.0,0.0
0.0490622854954546,-0.3866707201133388,-0.5609748304808926,0.0,1.0,0.0,0.0,1.0
0.5101613454232016,-0.6484216535389205,-0.5609748304808926,0.0,1.0,0.0,0.0,1.0
-0.10463740114712776,0.7519458402879414,5.6403722409642105,1.0,0.0,0.0,0.0,1.0
-0.10463740114712776,-0.34539461138084326,-0.5609748304808926,0.0,1.0,1.0,0.0,0.0
-1.56478442425166,-0.01644415947004014,3.159833412386169,0.0,1.0,0.0,0.0,1.0
-2.1795831708219895,0.13683114673782454,1.2994292909526381,0.0,1.0,0.0,0.0,1.0
-1.9490336408581161,-0.20495516825442542,0.6792945838081279,1.0,0.0,0.0,0.0,1.0
-0.10463740114712776,0.3583127057902398,-0.5609748304808926,0.0,1.0,0.0,0.0,1.0
-0.10463740114712776,-0.3363340021468808,0.059159876663617654,1.0,0.0,0.0,1.0,0.0
1.2018099353148222,-0.11384570873513637,-0.5609748304808926,0.0,1.0,0.0,0.0,1.0
0.8175607187083664,-0.3363340021468808,0.6792945838081279,0.0,1.0,0.0,1.0,0.0
0.5101613454232016,-0.4894421904510968,-0.5609748304808926,0.0,1.0,0.0,0.0,1.0
0.20276197213803698,-0.3866707201133388,-0.5609748304808926,1.0,0.0,0.0,0.0,1.0
-0.7962859910387483,-0.3866707201133388,-0.5609748304808926,0.0,1.0,0.0,0.0,1.0
-0.7962859910387483,-0.4902797934380587,0.059159876663617654,1.0,0.0,0.0,0.0,1.0
-2.025883484179407,-0.12491978668775715,0.6792945838081279,0.0,1.0,0.0,0.0,1.0
1.1249600919935312,-0.09027201697708476,-0.5609748304808926,1.0,0.0,1.0,0.0,0.0
2.2008578984916074,2.301728820789,-0.5609748304808926,1.0,0.0,1.0,0.0,0.0
-0.10463740114712776,-0.49237782784290063,-0.5609748304808926,0.0,1.0,0.0,1.0,0.0
0.9712604053509487,-0.47920571548543794,0.059159876663617654,0.0,1.0,0.0,0.0,1.0
-0.10463740114712776,-0.49237782784290063,-0.5609748304808926,1.0,0.0,0.0,1.0,0.0
-0.4120367744322925,-0.3866707201133388,-0.5609748304808926,1.0,0.0,0.0,0.0,1.0
-0.10463740114712776,-0.45714212526638004,-0.5609748304808926,0.0,1.0,0.0,0.0,1.0
-0.10463740114712776,0.7519458402879414,5.6403722409642105,0.0,1.0,0.0,0.0,1.0
0.35646165878061925,-0.5176307525123133,-0.5609748304808926,0.0,1.0,0.0,0.0,1.0
1.240234856975468,-0.5029485386158568,-0.5609748304808926,0.0,1.0,1.0,0.0,0.0
-0.8731358343600396,-0.4863374216869257,-0.5609748304808926,0.0,1.0,0.0,0.0,1.0
-2.1027333275006983,-0.43776248884929375,0.059159876663617654,1.0,0.0,0.0,0.0,1.0
0.20276197213803698,-0.32928686163157667,0.059159876663617654,0.0,1.0,0.0,0.0,1.0
-0.25833708778971004,-0.2701412180209885,-0.5609748304808926,0.0,1.0,1.0,0.0,0.0
-1.0268355210026219,-0.49237782784290063,-0.5609748304808926,1.0,0.0,0.0,1.0,0.0
0.8175607187083664,-0.024246350754841117,-0.5609748304808926,0.0,1.0,1.0,0.0,0.0
-0.4120367744322925,-0.5064721088735089,-0.5609748304808926,0.0,1.0,0.0,0.0,1.0
0.4333115021019105,-0.22559322262067316,-0.5609748304808926,1.0,0.0,0.0,0.0,1.0
-0.5657364610748749,-0.5024451714361923,-0.5609748304808926,0.0,1.0,0.0,0.0,1.0
0.0490622854954546,-0.3866707201133388,-0.5609748304808926,0.0,1.0,0.0,0.0,1.0
-0.10463740114712776,-0.49237782784290063,0.059159876663617654,0.0,1.0,0.0,1.0,0.0
0.12591212881674577,1.6323350375212924,0.059159876663617654,1.0,0.0,1.0,0.0,0.0
-0.1814872444684189,-0.4888542575852486,-0.5609748304808926,1.0,0.0,0.0,0.0,1.0
0.9712604053509487,-0.10478509950117394,0.059159876663617654,0.0,1.0,0.0,0.0,1.0
0.20276197213803698,0.8876878608937296,-0.5609748304808926,1.0,0.0,1.0,0.0,0.0
0.0490622854954546,-0.43700743807979686,-0.5609748304808926,0.0,1.0,0.0,0.0,1.0
-1.0268355210026219,-0.4863374216869257,-0.5609748304808926,0.0,1.0,0.0,0.0,1.0
-0.1814872444684189,-0.3866707201133388,-0.5609748304808926,0.0,1.0,0.0,0.0,1.0
1.6629089952425693,-0.4863374216869257,-0.5609748304808926,0.0,1.0,0.0,0.0,1.0
-0.10463740114712776,-0.4894421904510968,-0.5609748304808926,0.0,1.0,0.0,0.0,1.0
0.663861032065784,1.163700193253568,0.059159876663617654,0.0,1.0,0.0,0.0,1.0
-0.5657364610748749,-0.4601623283443675,-0.5609748304808926,0.0,1.0,0.0,0.0,1.0
-0.7962859910387483,-0.43700743807979686,-0.5609748304808926,0.0,1.0,0.0,0.0,1.0
-0.6810112260568116,-0.5024451714361923,-0.5609748304808926,0.0,1.0,0.0,0.0,1.0
-0.8731358343600396,-0.3866707201133388,-0.5609748304808926,0.0,1.0,0.0,0.0,1.0
-0.10463740114712776,-0.13565761536436197,1.9195639980971484,1.0,0.0,0.0,0.0,1.0
0.4333115021019105,1.0323213593611125,0.059159876663617654,1.0,0.0,0.0,0.0,1.0
-0.027787557825836574,-0.4918744606632361,-0.5609748304808926,0.0,1.0,0.0,0.0,1.0
2.277707741812899,-0.3766033765200472,-0.5609748304808926,0.0,1.0,0.0,0.0,1.0
-1.872183797536825,-0.01644415947004014,3.159833412386169,1.0,0.0,0.0,0.0,1.0
-0.4120367744322925,-0.43700743807979686,-0.5609748304808926,0.0,1.0,0.0,0.0,1.0
-0.10463740114712776,-0.49640476528021726,-0.5609748304808926,1.0,0.0,0.0,0.0,1.0
1.1249600919935312,-0.12491978668775715,0.059159876663617654,0.0,1.0,0.0,0.0,1.0
-1.6416342675729514,-0.11988611489111134,0.6792945838081279,1.0,0.0,0.0,0.0,1.0
-0.7962859910387483,-0.43700743807979686,-0.5609748304808926,0.0,1.0,0.0,0.0,1.0
0.2796118154593281,-0.4012683683236117,-0.5609748304808926,0.0,1.0,0.0,0.0,1.0
-0.10463740114712776,-0.3573908580066095,0.059159876663617654,1.0,0.0,1.0,0.0,0.0
-0.10463740114712776,-0.3363340021468808,0.059159876663617654,1.0,0.0,0.0,1.0,0.0
-0.027787557825836574,-0.43700743807979686,-0.5609748304808926,0.0,1.0,0.0,0.0,1.0
-0.5657364610748749,-0.5049620073345151,-0.5609748304808926,0.0,1.0,0.0,0.0,1.0
0.0490622854954546,-0.5029485386158568,-0.5609748304808926,0.0,1.0,1.0,0.0,0.0
1.1249600919935312,1.163700193253568,0.6792945838081279,0.0,1.0,0.0,1.0,0.0
-0.3351869311110013,-0.4918744606632361,-0.5609748304808926,1.0,0.0,0.0,0.0,1.0
-0.4120367744322925,-0.35646868933346404,0.6792945838081279,1.0,0.0,0.0,0.0,1.0
0.5870111887444929,0.40974072380221066,0.6792945838081279,0.0,1.0,0.0,0.0,1.0
1.8934585252064429,-0.12491978668775715,0.059159876663617654,0.0,1.0,0.0,0.0,1.0
-0.10463740114712776,-0.5024451714361923,-0.5609748304808926,0.0,1.0,0.0,0.0,1.0
-0.027787557825836574,-0.43776248884929375,0.6792945838081279,1.0,0.0,0.0,0.0,1.0
2.508257271776772,-0.11384570873513637,-0.5609748304808926,0.0,1.0,0.0,0.0,1.0
0.0490622854954546,-0.32425318983493084,0.059159876663617654,0.0,1.0,0.0,0.0,1.0
0.8944105620296575,-0.2414492887801075,0.6792945838081279,1.0,0.0,0.0,0.0,1.0
-0.027787557825836574,-0.3414522396297103,0.6792945838081279,1.0,0.0,1.0,0.0,0.0
-0.10463740114712776,0.9462455716384695,-0.5609748304808926,1.0,0.0,1.0,0.0,0.0
0.0490622854954546,1.093228788100527,-0.5609748304808926,1.0,0.0,0.0,0.0,1.0
0.4333115021019105,9.667166525013505,-0.5609748304808926,1.0,0.0,1.0,0.0,0.0
1.586059151921278,-0.12491978668775715,0.059159876663617654,1.0,0.0,0.0,0.0,1.0
-0.10463740114712776,-0.49237782784290063,-0.5609748304808926,0.0,1.0,0.0,1.0,0.0
-2.025883484179407,-0.01644415947004014,3.159833412386169,0.0,1.0,0.0,0.0,1.0
1.7397588385638605,0.955306180872432,0.6792945838081279,0.0,1.0,0.0,0.0,1.0
0.8175607187083664,-0.6484216535389205,-0.5609748304808926,0.0,1.0,0.0,0.0,1.0
-0.10463740114712776,-0.49237782784290063,-0.5609748304808926,1.0,0.0,0.0,1.0,0.0
0.5101613454232016,-0.43700743807979686,-0.5609748304808926,0.0,1.0,0.0,0.0,1.0
-1.0268355210026219,0.1506737441786005,2.539698705241659,0.0,1.0,0.0,0.0,1.0
-0.3351869311110013,-0.4918744606632361,0.059159876663617654,0.0,1.0,0.0,0.0,1.0
2.2008578984916074,2.441497778832105,0.059159876663617654,1.0,0.0,0.0,0.0,1.0
0.4333115021019105,2.0825124140450755,-0.5609748304808926,1.0,0.0,0.0,0.0,1.0
-0.10463740114712776,-0.024246350754841117,-0.5609748304808926,0.0,1.0,0.0,0.0,1.0
-0.3351869311110013,-0.6484216535389205,-0.5609748304808926,0.0,1.0,0.0,0.0,1.0
0.8944105620296575,-0.255795253400548,0.059159876663617654,1.0,0.0,0.0,0.0,1.0
0.5870111887444929,-0.0504214440973993,0.059159876663617654,0.0,1.0,1.0,0.0,0.0
-0.10463740114712776,-0.49237782784290063,-0.5609748304808926,1.0,0.0,0.0,1.0,0.0
2.5851071150980633,0.921244330558889,0.059159876663617654,1.0,0.0,0.0,0.0,1.0
1.2018099353148222,-0.49237782784290063,-0.5609748304808926,1.0,0.0,0.0,0.0,1.0
-0.10463740114712776,-0.6484216535389205,-0.5609748304808926,0.0,1.0,0.0,0.0,1.0
-1.7184841108942426,-0.061998889229684634,2.539698705241659,0.0,1.0,0.0,1.0,0.0
0.4333115021019105,-0.24069423801061057,0.6792945838081279,1.0,0.0,0.0,0.0,1.0
2.738806801740646,-0.49237782784290063,-0.5609748304808926,0.0,1.0,0.0,1.0,0.0
-0.10463740114712776,-0.4902797934380587,-0.5609748304808926,0.0,1.0,0.0,0.0,1.0
-1.0268355210026219,-0.45714212526638004,-0.5609748304808926,0.0,1.0,0.0,0.0,1.0
-0.7962859910387483,-0.4863374216869257,-0.5609748304808926,0.0,1.0,0.0,0.0,1.0
-0.10463740114712776,-0.12491978668775715,-0.5609748304808926,0.0,1.0,0.0,0.0,1.0
0.2796118154593281,-0.47400492578514347,-0.5609748304808926,0.0,1.0,1.0,0.0,0.0
0.0490622854954546,-0.45714212526638004,-0.5609748304808926,0.0,1.0,0.0,0.0,1.0
-0.5657364610748749,-0.4894421904510968,-0.5609748304808926,0.0,1.0,0.0,0.0,1.0
0.9712604053509487,-0.3866707201133388,-0.5609748304808926,0.0,1.0,0.0,0.0,1.0
-0.5657364610748749,-0.49237782784290063,-0.5609748304808926,1.0,0.0,0.0,1.0,0.0
-0.25833708778971004,0.9391984311231651,-0.5609748304808926,1.0,0.0,0.0,0.0,1.0
-0.7962859910387483,1.1854295476653287,0.059159876663617654,1.0,0.0,1.0,0.0,0.0
0.5101613454232016,-0.3891875560116617,-0.5609748304808926,0.0,1.0,1.0,0.0,0.0
-0.4120367744322925,-0.4702296719376591,-0.5609748304808926,1.0,0.0,0.0,0.0,1.0
-0.4120367744322925,-0.4894421904510968,-0.5609748304808926,0.0,1.0,0.0,0.0,1.0
-0.10463740114712776,-0.09027201697708476,-0.5609748304808926,0.0,1.0,1.0,0.0,0.0
-0.45046169609293807,-0.5028639729296732,-0.5609748304808926,0.0,1.0,1.0,0.0,0.0
-2.1027333275006983,2.4029901895877646,1.2994292909526381,1.0,0.0,0.0,0.0,1.0
-0.10463740114712776,-0.03431369434813272,-0.5609748304808926,0.0,1.0,0.0,0.0,1.0
1.586059151921278,4.335332226633905,0.059159876663617654,1.0,0.0,1.0,0.0,0.0
-0.10463740114712776,-0.49237782784290063,-0.5609748304808926,1.0,0.0,0.0,1.0,0.0
-0.10463740114712776,-0.18029017645086096,0.6792945838081279,0.0,1.0,0.0,1.0,0.0
-0.7962859910387483,-0.6484216535389205,-0.5609748304808926,0.0,1.0,0.0,0.0,1.0
-0.10463740114712776,-0.3997582667846179,-0.5609748304808926,1.0,0.0,0.0,1.0,0.0
-0.10463740114712776,-0.4863374216869257,-0.5609748304808926,0.0,1.0,0.0,0.0,1.0
-2.185731158287693,2.4029901895877646,1.2994292909526381,0.0,1.0,0.0,0.0,1.0
-0.10463740114712776,1.5841789061771412,-0.5609748304808926,1.0,0.0,1.0,0.0,0.0
-0.9499856776813307,1.5442457810799908,0.059159876663617654,1.0,0.0,1.0,0.0,0.0
0.0490622854954546,-0.16518916106092355,0.059159876663617654,0.0,1.0,1.0,0.0,0.0
0.0490622854954546,0.49782998024351216,-0.5609748304808926,1.0,0.0,1.0,0.0,0.0
-0.4120367744322925,1.0259447039291216,-0.5609748304808926,1.0,0.0,1.0,0.0,0.0
-0.8731358343600396,4.634416897040849,1.9195639980971484,1.0,0.0,1.0,0.0,0.0
-0.25833708778971004,-0.12491978668775715,0.6792945838081279,1.0,0.0,0.0,0.0,1.0
-0.10463740114712776,-0.4894421904510968,-0.5609748304808926,0.0,1.0,0.0,0.0,1.0
1.0481102486722398,-0.11988611489111134,0.6792945838081279,0.0,1.0,0.0,0.0,1.0
-0.25833708778971004,-0.4902797934380587,-0.5609748304808926,1.0,0.0,0.0,0.0,1.0
-0.4120367744322925,-0.12491978668775715,0.059159876663617654,1.0,0.0,0.0,0.0,1.0
1.8934585252064429,-0.36653603292675563,-0.5609748304808926,0.0,1.0,0.0,0.0,1.0
0.12591212881674577,2.671117778445337,0.6792945838081279,1.0,0.0,0.0,0.0,1.0
0.8175607187083664,2.059693773056521,0.6792945838081279,1.0,0.0,1.0,0.0,0.0
-0.5657364610748749,-0.5024451714361923,-0.5609748304808926,0.0,1.0,0.0,0.0,1.0
-0.1814872444684189,-0.4894421904510968,-0.5609748304808926,0.0,1.0,0.0,0.0,1.0
0.0490622854954546,-0.3997582667846179,-0.5609748304808926,1.0,0.0,0.0,1.0,0.0
-0.5657364610748749,-0.06451572512800753,0.6792945838081279,1.0,0.0,0.0,0.0,1.0
-0.10463740114712776,0.7519458402879414,5.6403722409642105,0.0,1.0,0.0,0.0,1.0
0.5101613454232016,2.0825124140450755,-0.5609748304808926,1.0,0.0,1.0,0.0,0.0
2.431407428455481,-0.5228315422126077,-0.5609748304808926,0.0,1.0,0.0,0.0,1.0
0.5101613454232016,-0.3866707201133388,-0.5609748304808926,1.0,0.0,0.0,0.0,1.0
0.12591212881674577,-0.2351571990343002,0.6792945838081279,1.0,0.0,0.0,0.0,1.0
-1.0268355210026219,0.5189714017894245,0.059159876663617654,1.0,0.0,1.0,0.0,0.0
-0.10463740114712776,-0.18029017645086096,0.6792945838081279,1.0,0.0,0.0,1.0,0.0
1.240234856975468,-0.07458306872129913,-0.5609748304808926,0.0,1.0,0.0,0.0,1.0
0.663861032065784,2.441497778832105,0.059159876663617654,0.0,1.0,0.0,0.0,1.0
-1.0268355210026219,-0.2859972841804228,0.6792945838081279,0.0,1.0,0.0,0.0,1.0
-0.10463740114712776,2.042579288947925,0.059159876663617654,1.0,0.0,0.0,0.0,1.0
-0.10463740114712776,-0.4894421904510968,-0.5609748304808926,0.0,1.0,0.0,0.0,1.0
-0.027787557825836574,0.6925485130875209,0.059159876663617654,0.0,1.0,0.0,0.0,1.0
0.8944105620296575,2.059693773056521,-0.5609748304808926,1.0,0.0,1.0,0.0,0.0
1.2018099353148222,-0.4863374216869257,-0.5609748304808926,0.0,1.0,0.0,0.0,1.0
1.2018099353148222,0.06635974158478332,-0.5609748304808926,0.0,1.0,0.0,0.0,1.0
-2.1027333275006983,-0.12491978668775715,0.6792945838081279,0.0,1.0,0.0,0.0,1.0
-0.4120367744322925,4.647001076532463,2.539698705241659,1.0,0.0,0.0,0.0,1.0
-0.10463740114712776,-0.3866707201133388,-0.5609748304808926,0.0,1.0,0.0,0.0,1.0
-0.3351869311110013,-0.3866707201133388,-0.5609748304808926,0.0,1.0,0.0,0.0,1.0
0.5101613454232016,-0.3866707201133388,-0.5609748304808926,0.0,1.0,0.0,0.0,1.0
-0.4120367744322925,-0.3866707201133388,-0.5609748304808926,1.0,0.0,0.0,0.0,1.0
0.8175607187083664,-0.3866707201133388,-0.5609748304808926,1.0,0.0,0.0,0.0,1.0
-0.10463740114712776,-0.32425318983493084,0.059159876663617654,1.0,0.0,0.0,0.0,1.0
-2.025883484179407,-0.32828012727224753,0.6792945838081279,0.0,1.0,0.0,0.0,1.0
0.9712604053509487,-0.47400492578514347,-0.5609748304808926,0.0,1.0,0.0,0.0,1.0
-0.48888661775358366,-0.4626791642426904,-0.5609748304808926,0.0,1.0,0.0,0.0,1.0
-0.10463740114712776,0.0562923979914917,-0.5609748304808926,0.0,1.0,0.0,0.0,1.0
-1.103685364323913,-0.5028639729296732,0.6792945838081279,0.0,1.0,1.0,0.0,0.0
-0.3351869311110013,-0.29002422161773944,0.059159876663617654,0.0,1.0,0.0,0.0,1.0
-0.10463740114712776,-0.5029485386158568,-0.5609748304808926,0.0,1.0,1.0,0.0,0.0
-0.10463740114712776,-0.45714212526638004,-0.5609748304808926,0.0,1.0,0.0,0.0,1.0
-0.5657364610748749,0.4589861417231558,0.059159876663617654,1.0,0.0,0.0,0.0,1.0
0.663861032065784,-0.3866707201133388,-0.5609748304808926,1.0,0.0,0.0,0.0,1.0
-0.10463740114712776,-0.48977642625839407,-0.5609748304808926,1.0,0.0,0.0,1.0,0.0
-0.10463740114712776,-0.48977642625839407,-0.5609748304808926,1.0,0.0,0.0,1.0,0.0
0.8175607187083664,-0.08666388103324908,2.539698705241659,0.0,1.0,0.0,0.0,1.0
-0.027787557825836574,-0.09027201697708476,0.059159876663617654,0.0,1.0,1.0,0.0,0.0
1.2018099353148222,-0.3573908580066095,0.059159876663617654,1.0,0.0,1.0,0.0,0.0
0.4333115021019105,-0.5064721088735089,-0.5609748304808926,0.0,1.0,0.0,0.0,1.0
-0.10463740114712776,-0.3363340021468808,0.059159876663617654,0.0,1.0,0.0,1.0,0.0
0.0490622854954546,-0.5024451714361923,-0.5609748304808926,0.0,1.0,0.0,0.0,1.0
2.3545575851341902,0.8667135572514657,0.059159876663617654,1.0,0.0,1.0,0.0,0.0
-0.10463740114712776,-0.5028639729296732,-0.5609748304808926,1.0,0.0,1.0,0.0,0.0
-0.10463740114712776,-0.49237782784290063,-0.5609748304808926,1.0,0.0,0.0,1.0,0.0
-0.4120367744322925,0.7469121684912956,-0.5609748304808926,1.0,0.0,1.0,0.0,0.0
-0.3351869311110013,0.4678796330534696,0.059159876663617654,0.0,1.0,1.0,0.0,0.0
-0.8731358343600396,-0.5176307525123133,0.059159876663617654,0.0,1.0,0.0,0.0,1.0
-0.7962859910387483,-0.4863374216869257,-0.5609748304808926,0.0,1.0,0.0,0.0,1.0
-0.5657364610748749,2.0825124140450755,-0.5609748304808926,0.0,1.0,1.0,0.0,0.0
-2.025883484179407,-0.22408312108167944,1.9195639980971484,1.0,0.0,0.0,0.0,1.0
-0.10463740114712776,1.0060617003323709,0.059159876663617654,1.0,0.0,1.0,0.0,0.0
-0.5657364610748749,-0.5024451714361923,-0.5609748304808926,1.0,0.0,0.0,0.0,1.0
-0.1814872444684189,3.610064686423428,0.6792945838081279,0.0,1.0,1.0,0.0,0.0
-0.7194361477174571,-0.5676312212027554,-0.5609748304808926,0.0,1.0,1.0,0.0,0.0
-0.7962859910387483,-0.4918744606632361,-0.5609748304808926,0.0,1.0,0.0,0.0,1.0
0.9712604053509487,3.9327230485884233,-0.5609748304808926,1.0,0.0,1.0,0.0,0.0
-2.1795831708219895,-0.33146744825388363,0.6792945838081279,1.0,0.0,1.0,0.0,0.0
0.20276197213803698,-0.4888542575852486,-0.5609748304808926,0.0,1.0,0.0,0.0,1.0
0.4333115021019105,0.39858208016340624,0.059159876663617654,1.0,0.0,0.0,0.0,1.0
-0.10463740114712776,-0.4894421904510968,-0.5609748304808926,0.0,1.0,0.0,0.0,1.0
-0.8731358343600396,0.8314778546749452,-0.5609748304808926,0.0,1.0,0.0,0.0,1.0
-2.1795831708219895,0.2958951755118318,3.7799681195306793,0.0,1.0,0.0,0.0,1.0
0.5101613454232016,-0.3866707201133388,-0.5609748304808926,1.0,0.0,0.0,0.0,1.0
-0.10463740114712776,-0.49279662933638163,-0.5609748304808926,0.0,1.0,0.0,1.0,0.0
-0.9499856776813307,-0.40680540729992204,-0.5609748304808926,1.0,0.0,1.0,0.0,0.0
0.5101613454232016,1.7677408088510642,1.2994292909526381,0.0,1.0,0.0,0.0,1.0
-0.642586304396166,-0.49145565916975514,-0.5609748304808926,0.0,1.0,0.0,0.0,1.0
-0.10463740114712776,-0.4888542575852486,0.6792945838081279,0.0,1.0,0.0,0.0,1.0
-0.48888661775358366,1.6323350375212924,0.059159876663617654,1.0,0.0,1.0,0.0,0.0
-0.4120367744322925,-0.312172377522981,0.6792945838081279,1.0,0.0,0.0,0.0,1.0
-0.5657364610748749,-0.49145565916975514,-0.5609748304808926,0.0,1.0,0.0,0.0,1.0
0.12591212881674577,-0.4902797934380587,-0.5609748304808926,1.0,0.0,0.0,0.0,1.0
1.2786597786361136,-0.12491978668775715,-0.5609748304808926,0.0,1.0,0.0,0.0,1.0
-0.48888661775358366,-0.43700743807979686,-0.5609748304808926,0.0,1.0,0.0,0.0,1.0
-0.10463740114712776,-0.393717860628643,-0.5609748304808926,1.0,0.0,0.0,0.0,1.0
0.7407108753870751,-0.4888542575852486,-0.5609748304808926,0.0,1.0,0.0,0.0,1.0
-0.25833708778971004,-0.4863374216869257,-0.5609748304808926,0.0,1.0,0.0,0.0,1.0
-0.642586304396166,-0.4505983519307405,0.059159876663617654,1.0,0.0,0.0,0.0,1.0
-0.10463740114712776,-0.32928686163157667,0.059159876663617654,0.0,1.0,0.0,0.0,1.0
-0.7194361477174571,-0.47400492578514347,-0.5609748304808926,1.0,0.0,0.0,0.0,1.0
0.35646165878061925,-0.22559322262067316,0.059159876663617654,0.0,1.0,0.0,0.0,1.0
1.6629089952425693,-0.49237782784290063,-0.5609748304808926,0.0,1.0,0.0,0.0,1.0
-2.025883484179407,-0.2708962687904854,0.6792945838081279,0.0,1.0,0.0,0.0,1.0
-0.642586304396166,-0.4918744606632361,-0.5609748304808926,0.0,1.0,0.0,0.0,1.0
-0.10463740114712776,-0.13565761536436197,1.9195639980971484,1.0,0.0,0.0,0.0,1.0
-0.10463740114712776,-0.4894421904510968,-0.5609748304808926,0.0,1.0,0.0,0.0,1.0
-0.10463740114712776,-0.5103319284071769,-0.5609748304808926,0.0,1.0,0.0,1.0,0.0
0.2796118154593281,1.163700193253568,0.059159876663617654,1.0,0.0,0.0,1.0,0.0
-0.10463740114712776,-0.6484216535389205,-0.5609748304808926,0.0,1.0,0.0,0.0,1.0
1.1249600919935312,-0.4888542575852486,-0.5609748304808926,0.0,1.0,0.0,0.0,1.0
-0.10463740114712776,-0.4863374216869257,-0.5609748304808926,1.0,0.0,0.0,0.0,1.0
0.35646165878061925,0.005955680025033692,0.6792945838081279,1.0,0.0,0.0,0.0,1.0
-0.8731358343600396,-0.3866707201133388,0.6792945838081279,1.0,0.0,0.0,0.0,1.0
0.0490622854954546,-0.3866707201133388,-0.5609748304808926,0.0,1.0,0.0,0.0,1.0
-1.487934580930369,-0.1621689579829361,0.6792945838081279,1.0,0.0,0.0,0.0,1.0
-0.10463740114712776,-0.4894421904510968,-0.5609748304808926,0.0,1.0,1.0,0.0,0.0
-0.642586304396166,-0.49271407711891657,-0.5609748304808926,0.0,1.0,0.0,1.0,0.0
-0.027787557825836574,-0.4898609919445778,-0.5609748304808926,0.0,1.0,0.0,0.0,1.0
-0.10463740114712776,-0.35848215805212236,0.6792945838081279,1.0,0.0,0.0,0.0,1.0
-0.8731358343600396,-0.2414492887801075,0.6792945838081279,0.0,1.0,0.0,0.0,1.0
-0.10463740114712776,-0.5024451714361923,-0.5609748304808926,0.0,1.0,0.0,0.0,1.0
-0.10463740114712776,-0.12491978668775715,0.059159876663617654,1.0,0.0,0.0,0.0,1.0
-0.7962859910387483,-0.12491978668775715,-0.5609748304808926,1.0,0.0,0.0,0.0,1.0
-0.10463740114712776,-0.49237782784290063,-0.5609748304808926,0.0,1.0,0.0,1.0,0.0
0.20276197213803698,-0.4863374216869257,-0.5609748304808926,0.0,1.0,0.0,0.0,1.0
-0.10463740114712776,-0.11384570873513637,-0.5609748304808926,0.0,1.0,0.0,0.0,1.0
-0.10463740114712776,-0.32425318983493084,0.059159876663617654,1.0,0.0,0.0,0.0,1.0
0.9712604053509487,-0.12491978668775715,0.059159876663617654,1.0,0.0,0.0,0.0,1.0
-0.9499856776813307,-0.5049620073345151,-0.5609748304808926,0.0,1.0,0.0,0.0,1.0
1.586059151921278,0.4771073601910807,0.059159876663617654,0.0,1.0,0.0,0.0,1.0
-1.1805352076452043,1.7677408088510642,1.2994292909526381,1.0,0.0,0.0,0.0,1.0
-0.642586304396166,0.0437082184998772,1.9195639980971484,1.0,0.0,0.0,0.0,1.0
-0.4120367744322925,-0.2708962687904854,2.539698705241659,1.0,0.0,0.0,0.0,1.0
2.6619569584193545,4.647001076532463,2.539698705241659,0.0,1.0,0.0,0.0,1.0
0.12591212881674577,-0.43700743807979686,-0.5609748304808926,0.0,1.0,0.0,0.0,1.0
1.2018099353148222,-0.11988611489111134,0.6792945838081279,1.0,0.0,0.0,0.0,1.0
-0.7194361477174571,-0.45714212526638004,-0.5609748304808926,0.0,1.0,0.0,0.0,1.0
-0.3351869311110013,-0.4918744606632361,0.059159876663617654,0.0,1.0,0.0,0.0,1.0
-0.10463740114712776,-0.3866707201133388,-0.5609748304808926,1.0,0.0,0.0,0.0,1.0
-0.10463740114712776,-0.48507900373776425,-0.5609748304808926,0.0,1.0,0.0,0.0,1.0
-1.9490336408581161,0.9997696105865636,0.6792945838081279,0.0,1.0,0.0,0.0,1.0
-1.2573850509664954,-0.255795253400548,0.059159876663617654,1.0,0.0,0.0,0.0,1.0
0.35646165878061925,-0.11384570873513637,-0.5609748304808926,0.0,1.0,0.0,0.0,1.0
-1.872183797536825,-0.26066180729354516,1.2994292909526381,1.0,0.0,1.0,0.0,0.0
1.7397588385638605,-0.03431369434813272,-0.5609748304808926,0.0,1.0,0.0,0.0,1.0
0.5101613454232016,-0.08968408411123653,1.2994292909526381,0.0,1.0,0.0,0.0,1.0
-0.10463740114712776,-0.2463983948905696,0.059159876663617654,0.0,1.0,0.0,0.0,1.0
0.0490622854954546,-0.08968408411123653,-0.5609748304808926,0.0,1.0,1.0,0.0,0.0
1.509209308599987,1.145663540471827,0.059159876663617654,0.0,1.0,1.0,0.0,0.0
-0.10463740114712776,-0.4863374216869257,-0.5609748304808926,0.0,1.0,0.0,0.0,1.0
-0.027787557825836574,-0.4894421904510968,-0.5609748304808926,0.0,1.0,1.0,0.0,0.0
2.738806801740646,-0.11384570873513637,-0.5609748304808926,0.0,1.0,0.0,0.0,1.0
-0.10463740114712776,0.395813560675251,0.059159876663617654,1.0,0.0,0.0,0.0,1.0
1.586059151921278,-0.43700743807979686,-0.5609748304808926,1.0,0.0,0.0,0.0,1.0
-0.10463740114712776,-0.49237782784290063,-0.5609748304808926,0.0,1.0,0.0,1.0,0.0
1.4323594652786957,-0.11384570873513637,-0.5609748304808926,0.0,1.0,0.0,0.0,1.0
0.35646165878061925,-0.4863374216869257,-0.5609748304808926,0.0,1.0,0.0,0.0,1.0
1.3555096219574045,0.12676380314453292,-0.5609748304808926,0.0,1.0,0.0,0.0,1.0
1.4323594652786957,-0.3866707201133388,-0.5609748304808926,0.0,1.0,0.0,0.0,1.0
-0.10463740114712776,-0.4863374216869257,-0.5609748304808926,0.0,1.0,0.0,0.0,1.0
0.663861032065784,-0.5064721088735089,-0.5609748304808926,0.0,1.0,0.0,0.0,1.0
-0.10463740114712776,-0.6484216535389205,-0.5609748304808926,0.0,1.0,0.0,0.0,1.0
2.0471582118490255,-0.11384570873513637,-0.5609748304808926,0.0,1.0,0.0,0.0,1.0
-0.10463740114712776,-0.4928811950225652,-0.5609748304808926,0.0,1.0,0.0,1.0,0.0
-2.1987956316523123,-0.26066180729354516,1.2994292909526381,1.0,0.0,1.0,0.0,0.0
-0.10463740114712776,-0.5024451714361923,-0.5609748304808926,0.0,1.0,0.0,0.0,1.0
0.663861032065784,-0.47400492578514347,-0.5609748304808926,0.0,1.0,0.0,0.0,1.0
0.2796118154593281,-0.08968408411123653,1.2994292909526381,1.0,0.0,0.0,0.0,1.0
-0.48888661775358366,-0.3707300882677209,-0.5609748304808926,1.0,0.0,1.0,0.0,0.0
-0.5657364610748749,-0.45034666834090825,-0.5609748304808926,1.0,0.0,0.0,0.0,1.0
-0.10463740114712776,0.39858208016340624,-0.5609748304808926,0.0,1.0,0.0,0.0,1.0
0.35646165878061925,-0.22559322262067316,0.059159876663617654,0.0,1.0,0.0,0.0,1.0
-0.027787557825836574,-0.5065566745596926,0.059159876663617654,0.0,1.0,0.0,0.0,1.0
-0.5657364610748749,-0.4969926981460655,-0.5609748304808926,0.0,1.0,0.0,0.0,1.0
-2.1027333275006983,-0.4010166847337793,0.059159876663617654,1.0,0.0,0.0,0.0,1.0
-1.56478442425166,0.2958951755118318,3.7799681195306793,0.0,1.0,0.0,0.0,1.0
-0.10463740114712776,-0.6484216535389205,-0.5609748304808926,0.0,1.0,0.0,0.0,1.0
1.586059151921278,-0.4863374216869257,-0.5609748304808926,0.0,1.0,0.0,0.0,1.0
2.5851071150980633,-0.455380340137554,-0.5609748304808926,1.0,0.0,0.0,0.0,1.0
-0.3351869311110013,1.1854295476653287,0.059159876663617654,0.0,1.0,1.0,0.0,0.0
-0.10463740114712776,-0.13565761536436197,1.9195639980971484,1.0,0.0,0.0,0.0,1.0
0.4333115021019105,1.163700193253568,0.059159876663617654,1.0,0.0,0.0,0.0,1.0
2.2008578984916074,-0.0504214440973993,-0.5609748304808926,0.0,1.0,1.0,0.0,0.0
0.0490622854954546,-0.4863374216869257,-0.5609748304808926,0.0,1.0,0.0,0.0,1.0
-1.56478442425166,-0.32828012727224753,0.6792945838081279,0.0,1.0,0.0,0.0,1.0
-0.10463740114712776,-0.2463983948905696,0.059159876663617654,0.0,1.0,0.0,0.0,1.0
-0.642586304396166,-0.5024451714361923,-0.5609748304808926,0.0,1.0,0.0,0.0,1.0
1.970308368527734,-0.03431369434813272,-0.5609748304808926,0.0,1.0,0.0,0.0,1.0
3.199905861668393,0.3483299278831318,-0.5609748304808926,0.0,1.0,1.0,0.0,0.0
-0.642586304396166,-0.4863374216869257,-0.5609748304808926,0.0,1.0,0.0,0.0,1.0
-0.10463740114712776,-0.3573083057891445,-0.5609748304808926,0.0,1.0,1.0,0.0,0.0
1.8934585252064429,0.9274538680872313,0.059159876663617654,1.0,0.0,1.0,0.0,0.0
-0.10463740114712776,-0.3443878770215141,-0.5609748304808926,0.0,1.0,0.0,0.0,1.0
-0.3351869311110013,2.4029901895877646,1.2994292909526381,1.0,0.0,0.0,0.0,1.0
-0.4120367744322925,-0.49145565916975514,-0.5609748304808926,0.0,1.0,0.0,0.0,1.0
-0.9499856776813307,-0.47400492578514347,-0.5609748304808926,0.0,1.0,0.0,0.0,1.0
-0.642586304396166,-0.49237782784290063,-0.5609748304808926,1.0,0.0,0.0,1.0,0.0
-0.10463740114712776,-0.4948100980550399,-0.5609748304808926,1.0,0.0,0.0,1.0,0.0
0.5870111887444929,-0.455380340137554,-0.5609748304808926,1.0,0.0,0.0,0.0,1.0
-1.0268355210026219,1.093228788100527,-0.5609748304808926,1.0,0.0,0.0,0.0,1.0
-0.8731358343600396,1.5442457810799908,0.059159876663617654,0.0,1.0,1.0,0.0,0.0
0.2796118154593281,-0.12491978668775715,0.6792945838081279,1.0,0.0,0.0,0.0,1.0
-0.10463740114712776,-0.11384570873513637,-0.5609748304808926,0.0,1.0,0.0,0.0,1.0
-0.10463740114712776,-0.1948878246611338,-0.5609748304808926,0.0,1.0,0.0,0.0,1.0
-0.25833708778971004,0.48910360681684706,-0.5609748304808926,0.0,1.0,0.0,0.0,1.0
-0.027787557825836574,-0.49237782784290063,-0.5609748304808926,0.0,1.0,0.0,1.0,0.0
-0.10463740114712776,-0.4863374216869257,-0.5609748304808926,0.0,1.0,0.0,0.0,1.0
0.5101613454232016,-0.11913106412161445,-0.5609748304808926,0.0,1.0,0.0,0.0,1.0
1.8934585252064429,0.5475787653441219,0.059159876663617654,1.0,0.0,1.0,0.0,0.0
-0.4120367744322925,-0.4974960653257301,-0.5609748304808926,0.0,1.0,0.0,0.0,1.0
1.3555096219574045,0.03657651229838946,-0.5609748304808926,0.0,1.0,0.0,0.0,1.0
0.35646165878061925,-0.43700743807979686,-0.5609748304808926,1.0,0.0,0.0,0.0,1.0
-0.10463740114712776,-0.1621689579829361,-0.5609748304808926,0.0,1.0,0.0,1.0,0.0
0.5101613454232016,-0.12491978668775715,0.059159876663617654,1.0,0.0,0.0,0.0,1.0
0.20276197213803698,-0.4894421904510968,-0.5609748304808926,0.0,1.0,0.0,0.0,1.0
0.0490622854954546,1.2341715984066093,-0.5609748304808926,1.0,0.0,0.0,0.0,1.0
-0.5657364610748749,-0.4894421904510968,-0.5609748304808926,0.0,1.0,0.0,0.0,1.0
-0.10463740114712776,-0.5029485386158568,-0.5609748304808926,0.0,1.0,1.0,0.0,0.0
1.1249600919935312,0.5189714017894245,0.059159876663617654,1.0,0.0,1.0,0.0,0.0
-0.10463740114712776,-0.5028639729296732,-0.5609748304808926,0.0,1.0,1.0,0.0,0.0
0.8559856403690119,-0.49237782784290063,-0.5609748304808926,0.0,1.0,0.0,1.0,0.0
1.586059151921278,-0.43700743807979686,-0.5609748304808926,1.0,0.0,0.0,0.0,1.0
-0.10463740114712776,3.817033162951754,-0.5609748304808926,0.0,1.0,0.0,0.0,1.0
0.7407108753870751,-0.4888542575852486,-0.5609748304808926,0.0,1.0,0.0,0.0,1.0
-0.48888661775358366,-0.41687275089321363,1.2994292909526381,0.0,1.0,0.0,0.0,1.0
-2.1027333275006983,-0.12491978668775715,0.6792945838081279,1.0,0.0,0.0,0.0,1.0
-0.10463740114712776,-0.5028639729296732,-0.5609748304808926,0.0,1.0,1.0,0.0,0.0
-0.9499856776813307,-0.5028639729296732,0.6792945838081279,0.0,1.0,1.0,0.0,0.0
-0.10463740114712776,-0.19824427701513722,0.6792945838081279,1.0,0.0,1.0,0.0,0.0
0.0490622854954546,-0.47400492578514347,-0.5609748304808926,1.0,0.0,0.0,0.0,1.0
-1.7184841108942426,-0.11988611489111134,0.6792945838081279,1.0,0.0,0.0,0.0,1.0
1.2018099353148222,-0.11384570873513637,-0.5609748304808926,0.0,1.0,0.0,0.0,1.0
0.0490622854954546,1.4944124302931971,-0.5609748304808926,1.0,0.0,1.0,0.0,0.0
-0.10463740114712776,-0.35646868933346404,-0.5609748304808926,0.0,1.0,0.0,0.0,1.0
-0.5657364610748749,0.3482453621969482,0.6792945838081279,1.0,0.0,1.0,0.0,0.0
0.5101613454232016,0.7811411367084872,0.6792945838081279,1.0,0.0,0.0,0.0,1.0
-1.56478442425166,-0.018709311778530763,3.159833412386169,1.0,0.0,0.0,0.0,1.0
-1.4110847376090778,-0.018709311778530763,3.159833412386169,1.0,0.0,0.0,0.0,1.0
0.20276197213803698,-0.12491978668775715,0.059159876663617654,0.0,1.0,0.0,0.0,1.0
1.586059151921278,1.4944124302931971,0.059159876663617654,0.0,1.0,1.0,0.0,0.0
2.6619569584193545,-0.12491978668775715,-0.5609748304808926,0.0,1.0,0.0,0.0,1.0
-0.7962859910387483,-0.12491978668775715,0.059159876663617654,1.0,0.0,0.0,0.0,1.0
-0.10463740114712776,-0.3693045524149108,-0.5609748304808926,0.0,1.0,1.0,0.0,0.0
0.2796118154593281,-0.2351571990343002,0.6792945838081279,0.0,1.0,0.0,0.0,1.0
-1.6416342675729514,0.09152810056801232,0.6792945838081279,0.0,1.0,0.0,0.0,1.0
-0.9499856776813307,1.5841789061771412,0.6792945838081279,0.0,1.0,1.0,0.0,0.0
-0.1814872444684189,-0.12491978668775715,-0.5609748304808926,0.0,1.0,0.0,0.0,1.0
-0.10463740114712776,-0.49078316061772326,-0.5609748304808926,0.0,1.0,0.0,1.0,0.0
-0.5657364610748749,-0.5029485386158568,-0.5609748304808926,0.0,1.0,1.0,0.0,0.0
-0.5657364610748749,-0.4918744606632361,-0.5609748304808926,1.0,0.0,0.0,0.0,1.0
2.508257271776772,-0.11384570873513637,-0.5609748304808926,0.0,1.0,0.0,0.0,1.0
1.4323594652786957,0.1489119590497745,0.059159876663617654,1.0,0.0,1.0,0.0,0.0
-0.10463740114712776,3.9327230485884233,-0.5609748304808926,0.0,1.0,1.0,0.0,0.0
0.7407108753870751,0.955306180872432,0.6792945838081279,1.0,0.0,0.0,0.0,1.0
0.5101613454232016,-0.29807809649237277,0.059159876663617654,1.0,0.0,0.0,0.0,1.0
-0.10463740114712776,-0.49237782784290063,-0.5609748304808926,0.0,1.0,0.0,1.0,0.0
0.8175607187083664,-0.4894421904510968,-0.5609748304808926,0.0,1.0,0.0,0.0,1.0
-0.10463740114712776,-0.3766033765200472,-0.5609748304808926,0.0,1.0,0.0,0.0,1.0
-0.10463740114712776,-0.4863374216869257,-0.5609748304808926,0.0,1.0,0.0,0.0,1.0
-0.10463740114712776,-0.4863374216869257,-0.5609748304808926,1.0,0.0,0.0,0.0,1.0
-0.4120367744322925,-0.1621689579829361,0.6792945838081279,0.0,1.0,0.0,0.0,1.0
-0.7962859910387483,-0.4894421904510968,-0.5609748304808926,0.0,1.0,0.0,0.0,1.0
-0.027787557825836574,-0.22408312108167944,1.9195639980971484,1.0,0.0,0.0,0.0,1.0
-0.10463740114712776,-0.5028639729296732,-0.5609748304808926,0.0,1.0,1.0,0.0,0.0
0.20276197213803698,-0.4902797934380587,-0.5609748304808926,0.0,1.0,0.0,0.0,1.0
2.508257271776772,-0.43700743807979686,-0.5609748304808926,0.0,1.0,0.0,0.0,1.0
1.8166086818851517,0.38809593507663365,0.6792945838081279,1.0,0.0,0.0,0.0,1.0
0.5101613454232016,-0.11711759540295616,-0.5609748304808926,0.0,1.0,0.0,0.0,1.0
-0.10463740114712776,-0.49237782784290063,-0.5609748304808926,1.0,0.0,0.0,1.0,0.0
-1.0268355210026219,-0.4863374216869257,-0.5609748304808926,0.0,1.0,0.0,0.0,1.0
-0.7962859910387483,-0.35646868933346404,-0.5609748304808926,0.0,1.0,0.0,0.0,1.0
0.35646165878061925,-0.3866707201133388,-0.5609748304808926,1.0,0.0,0.0,0.0,1.0
0.7407108753870751,0.4771073601910807,0.059159876663617654,1.0,0.0,0.0,0.0,1.0
-0.10463740114712776,-0.3573083057891445,0.059159876663617654,1.0,0.0,1.0,0.0,0.0
0.20276197213803698,-0.4888542575852486,-0.5609748304808926,0.0,1.0,0.0,0.0,1.0
-0.3351869311110013,-0.044381037941424326,0.6792945838081279,1.0,0.0,0.0,0.0,1.0
0.7407108753870751,1.5841789061771412,0.6792945838081279,1.0,0.0,1.0,0.0,0.0
1.8934585252064429,-0.12491978668775715,-0.5609748304808926,0.0,1.0,0.0,0.0,1.0
0.5101613454232016,0.15948266982273065,-0.5609748304808926,0.0,1.0,1.0,0.0,0.0
-0.10463740114712776,-0.47299819142581434,-0.5609748304808926,0.0,1.0,1.0,0.0,0.0
-0.8731358343600396,0.955306180872432,0.6792945838081279,1.0,0.0,0.0,0.0,1.0
1.3555096219574045,-0.3464013457401724,-0.5609748304808926,0.0,1.0,0.0,0.0,1.0
2.3545575851341902,0.9462455716384695,0.6792945838081279,0.0,1.0,1.0,0.0,0.0
-0.5657364610748749,-0.4863374216869257,-0.5609748304808926,0.0,1.0,0.0,0.0,1.0
-0.10463740114712776,-0.4863374216869257,-0.5609748304808926,0.0,1.0,0.0,0.0,1.0
0.4333115021019105,-0.5049620073345151,-0.5609748304808926,0.0,1.0,0.0,0.0,1.0
1.7397588385638605,0.9274538680872313,0.059159876663617654,1.0,0.0,1.0,0.0,0.0
1.3555096219574045,-0.5024451714361923,-0.5609748304808926,0.0,1.0,0.0,0.0,1.0
-0.10463740114712776,-0.49237782784290063,0.6792945838081279,1.0,0.0,0.0,1.0,0.0
0.5870111887444929,-0.12491978668775715,0.059159876663617654,0.0,1.0,0.0,0.0,1.0
0.5101613454232016,-0.1621689579829361,0.6792945838081279,0.0,1.0,0.0,0.0,1.0
-0.10463740114712776,0.016023023618325295,-0.5609748304808926,1.0,0.0,0.0,0.0,1.0
1.509209308599987,-0.6484216535389205,-0.5609748304808926,0.0,1.0,0.0,0.0,1.0
-0.10463740114712776,-0.5029485386158568,-0.5609748304808926,0.0,1.0,1.0,0.0,0.0
1.509209308599987,0.49782998024351216,0.059159876663617654,0.0,1.0,1.0,0.0,0.0
-0.4120367744322925,-0.10478509950117394,1.2994292909526381,1.0,0.0,0.0,0.0,1.0
-0.10463740114712776,-0.4894421904510968,-0.5609748304808926,0.0,1.0,0.0,0.0,1.0
-0.10463740114712776,0.2052890831722074,-0.5609748304808926,0.0,1.0,0.0,0.0,1.0
1.1249600919935312,-0.4863374216869257,-0.5609748304808926,0.0,1.0,0.0,0.0,1.0
0.4333115021019105,-0.11384570873513637,-0.5609748304808926,0.0,1.0,1.0,0.0,0.0
0.5101613454232016,-0.3353272677875516,0.059159876663617654,0.0,1.0,0.0,0.0,1.0
0.0490622854954546,-0.4894421904510968,-0.5609748304808926,0.0,1.0,0.0,0.0,1.0
-0.1814872444684189,-0.03431369434813272,-0.5609748304808926,0.0,1.0,0.0,0.0,1.0
-0.5657364610748749,0.18876253192945994,1.2994292909526381,1.0,0.0,1.0,0.0,0.0
0.8175607187083664,2.441497778832105,-0.5609748304808926,1.0,0.0,0.0,0.0,1.0
0.7407108753870751,-0.018709311778530763,3.159833412386169,1.0,0.0,0.0,0.0,1.0
-0.10463740114712776,-0.5064721088735089,-0.5609748304808926,0.0,1.0,0.0,0.0,1.0
-0.10463740114712776,-0.3363340021468808,0.059159876663617654,1.0,0.0,0.0,1.0,0.0
-0.10463740114712776,-0.49237782784290063,-0.5609748304808926,0.0,1.0,0.0,1.0,0.0
0.4333115021019105,-0.4863374216869257,-0.5609748304808926,0.0,1.0,0.0,0.0,1.0
-0.4120367744322925,0.6603330135889879,1.2994292909526381,1.0,0.0,0.0,0.0,1.0
0.35646165878061925,-0.35848215805212236,0.6792945838081279,0.0,1.0,0.0,0.0,1.0
-0.25833708778971004,-0.32425318983493084,0.059159876663617654,1.0,0.0,0.0,0.0,1.0
-1.9490336408581161,0.13683114673782454,1.2994292909526381,1.0,0.0,0.0,0.0,1.0
-0.25833708778971004,-0.43700743807979686,-0.5609748304808926,0.0,1.0,0.0,0.0,1.0
-0.1814872444684189,-0.3573908580066095,0.059159876663617654,0.0,1.0,1.0,0.0,0.0
0.9712604053509487,0.40974072380221066,0.059159876663617654,0.0,1.0,0.0,0.0,1.0
-0.7194361477174571,-0.33146744825388363,0.6792945838081279,0.0,1.0,1.0,0.0,0.0
-0.642586304396166,-0.4902797934380587,-0.5609748304808926,0.0,1.0,0.0,0.0,1.0
-0.642586304396166,-0.32425318983493084,-0.5609748304808926,0.0,1.0,0.0,0.0,1.0
2.431407428455481,0.0023475440811979503,-0.5609748304808926,0.0,1.0,0.0,0.0,1.0
2.124008055170316,-0.3997582667846179,-0.5609748304808926,0.0,1.0,0.0,1.0,0.0
-0.642586304396166,0.921244330558889,-0.5609748304808926,1.0,0.0,0.0,0.0,1.0
-0.25833708778971004,-0.4894421904510968,-0.5609748304808926,0.0,1.0,0.0,0.0,1.0
-0.10463740114712776,-0.49271407711891657,-0.5609748304808926,0.0,1.0,0.0,1.0,0.0
3.8915544515600136,-0.044381037941424326,-0.5609748304808926,0.0,1.0,0.0,0.0,1.0
1.6629089952425693,-0.5063875431873253,-0.5609748304808926,0.0,1.0,0.0,0.0,1.0
0.20276197213803698,-0.03431369434813272,-0.5609748304808926,0.0,1.0,1.0,0.0,0.0
-0.10463740114712776,-0.6484216535389205,-0.5609748304808926,0.0,1.0,0.0,0.0,1.0
-1.56478442425166,-0.08666388103324908,2.539698705241659,1.0,0.0,0.0,0.0,1.0
-0.10463740114712776,-0.3866707201133388,-0.5609748304808926,1.0,0.0,0.0,0.0,1.0
0.20276197213803698,-0.4888542575852486,-0.5609748304808926,0.0,1.0,0.0,0.0,1.0
0.12591212881674577,-0.11988611489111134,0.6792945838081279,0.0,1.0,0.0,0.0,1.0
0.8944105620296575,0.1506737441786005,2.539698705241659,1.0,0.0,0.0,0.0,1.0
-0.10463740114712776,-0.32425318983493084,0.059159876663617654,0.0,1.0,0.0,0.0,1.0
-0.7194361477174571,-0.4902797934380587,-0.5609748304808926,0.0,1.0,0.0,0.0,1.0
-0.4120367744322925,0.7469121684912956,-0.5609748304808926,1.0,0.0,1.0,0.0,0.0
-2.1027333275006983,-0.08666388103324908,2.539698705241659,1.0,0.0,0.0,0.0,1.0
-0.10463740114712776,0.48910360681684706,-0.5609748304808926,0.0,1.0,0.0,0.0,1.0
-2.1987956316523123,-0.26066180729354516,1.2994292909526381,1.0,0.0,1.0,0.0,0.0
1.4323594652786957,0.8964967865378598,0.059159876663617654,0.0,1.0,1.0,0.0,0.0
-0.7962859910387483,-0.4894421904510968,-0.5609748304808926,0.0,1.0,0.0,0.0,1.0
2.0471582118490255,0.06635974158478332,-0.5609748304808926,0.0,1.0,1.0,0.0,0.0
-0.10463740114712776,-0.49640476528021726,-0.5609748304808926,0.0,1.0,0.0,0.0,1.0
-0.48888661775358366,-0.49640476528021726,-0.5609748304808926,1.0,0.0,0.0,0.0,1.0
-0.10463740114712776,-0.4894421904510968,-0.5609748304808926,0.0,1.0,0.0,0.0,1.0
-0.8731358343600396,-0.18532384824750675,0.059159876663617654,1.0,0.0,0.0,0.0,1.0
-0.642586304396166,-0.47861979608830835,-0.5609748304808926,0.0,1.0,0.0,0.0,1.0
-0.10463740114712776,-0.49078316061772326,-0.5609748304808926,1.0,0.0,0.0,1.0,0.0
-0.8731358343600396,-0.5125125150294839,-0.5609748304808926,1.0,0.0,0.0,1.0,0.0
-0.4120367744322925,0.8314778546749452,0.6792945838081279,0.0,1.0,0.0,0.0,1.0
-0.10463740114712776,-0.4894421904510968,-0.5609748304808926,0.0,1.0,0.0,0.0,1.0
0.20276197213803698,-0.3363340021468808,0.6792945838081279,1.0,0.0,0.0,1.0,0.0
-0.48888661775358366,-0.3866707201133388,-0.5609748304808926,0.0,1.0,0.0,0.0,1.0
2.2008578984916074,1.6323350375212924,0.6792945838081279,0.0,1.0,1.0,0.0,0.0
1.586059151921278,2.042579288947925,0.6792945838081279,0.0,1.0,0.0,0.0,1.0
0.8175607187083664,-0.5029485386158568,-0.5609748304808926,0.0,1.0,1.0,0.0,0.0
1.3555096219574045,-0.13322534515222276,-0.5609748304808926,0.0,1.0,0.0,0.0,1.0
0.5101613454232016,-0.4974960653257301,-0.5609748304808926,0.0,1.0,0.0,0.0,1.0
-0.7194361477174571,-0.4888542575852486,0.059159876663617654,0.0,1.0,0.0,0.0,1.0
0.20276197213803698,0.8314778546749452,0.6792945838081279,0.0,1.0,0.0,0.0,1.0
-0.3351869311110013,-0.3866707201133388,-0.5609748304808926,0.0,1.0,0.0,0.0,1.0
-0.10463740114712776,-0.4918744606632361,-0.5609748304808926,0.0,1.0,0.0,0.0,1.0
1.0481102486722398,-0.4863374216869257,-0.5609748304808926,0.0,1.0,0.0,0.0,1.0
-0.10463740114712776,0.39858208016340624,0.059159876663617654,1.0,0.0,0.0,0.0,1.0
0.8175607187083664,0.13683114673782454,0.6792945838081279,1.0,0.0,0.0,0.0,1.0
0.12591212881674577,0.39858208016340624,0.059159876663617654,0.0,1.0,0.0,0.0,1.0
3.1230560183471017,-0.43700743807979686,-0.5609748304808926,0.0,1.0,0.0,0.0,1.0
0.12591212881674577,-0.3866707201133388,-0.5609748304808926,0.0,1.0,0.0,0.0,1.0
-0.10463740114712776,-0.6484216535389205,-0.5609748304808926,0.0,1.0,0.0,0.0,1.0
-0.8731358343600396,-0.4918744606632361,-0.5609748304808926,0.0,1.0,0.0,0.0,1.0
-0.3736118527716469,-0.4863374216869257,-0.5609748304808926,0.0,1.0,0.0,0.0,1.0
-0.8731358343600396,-0.45026210265472455,-0.5609748304808926,1.0,0.0,0.0,0.0,1.0
1.0481102486722398,0.2958951755118318,3.7799681195306793,1.0,0.0,0.0,0.0,1.0
0.5101613454232016,9.667166525013505,0.059159876663617654,0.0,1.0,1.0,0.0,0.0
-0.10463740114712776,-0.48457563655809965,-0.5609748304808926,1.0,0.0,0.0,1.0,0.0
-0.1814872444684189,0.8964967865378598,-0.5609748304808926,0.0,1.0,1.0,0.0,0.0
-0.7194361477174571,-0.4626791642426904,-0.5609748304808926,0.0,1.0,0.0,0.0,1.0
-1.1805352076452043,0.2958951755118318,3.7799681195306793,0.0,1.0,0.0,0.0,1.0
2.3545575851341902,0.13683114673782454,0.6792945838081279,0.0,1.0,0.0,0.0,1.0
-0.3351869311110013,0.18876253192945994,1.2994292909526381,0.0,1.0,1.0,0.0,0.0
-1.1805352076452043,0.1506737441786005,2.539698705241659,0.0,1.0,0.0,0.0,1.0
-0.7962859910387483,-0.44363577710162005,-0.5609748304808926,0.0,1.0,0.0,0.0,1.0
-0.8731358343600396,-0.49145565916975514,-0.5609748304808926,0.0,1.0,0.0,0.0,1.0
-1.103685364323913,3.6067927997556075,0.059159876663617654,1.0,0.0,0.0,0.0,1.0
0.12591212881674577,0.49925551609632224,0.059159876663617654,0.0,1.0,0.0,0.0,1.0
-1.9490336408581161,-0.37828059596268965,0.059159876663617654,1.0,0.0,1.0,0.0,0.0
-0.10463740114712776,0.48910360681684706,-0.5609748304808926,0.0,1.0,0.0,0.0,1.0
-0.3351869311110013,-0.5029485386158568,-0.5609748304808926,0.0,1.0,1.0,0.0,0.0
2.3545575851341902,-0.11384570873513637,-0.5609748304808926,0.0,1.0,0.0,0.0,1.0
1.7397588385638605,-0.3766033765200472,-0.5609748304808926,0.0,1.0,0.0,0.0,1.0
1.1249600919935312,-0.4863374216869257,-0.5609748304808926,0.0,1.0,0.0,0.0,1.0
-0.10463740114712776,-0.49271407711891657,-0.5609748304808926,1.0,0.0,0.0,1.0,0.0
1.509209308599987,1.5841789061771412,0.6792945838081279,0.0,1.0,1.0,0.0,0.0
0.9712604053509487,-0.494391296561559,-0.5609748304808926,0.0,1.0,0.0,0.0,1.0
-0.8731358343600396,3.9327230485884233,0.059159876663617654,1.0,0.0,1.0,0.0,0.0
0.4333115021019105,-0.11913106412161445,-0.5609748304808926,0.0,1.0,0.0,0.0,1.0
-0.8731358343600396,-0.3573908580066095,0.059159876663617654,1.0,0.0,1.0,0.0,0.0
-0.3351869311110013,-0.4925449457465493,-0.5609748304808926,0.0,1.0,0.0,1.0,0.0
-0.25833708778971004,-0.4902797934380587,0.059159876663617654,0.0,1.0,0.0,0.0,1.0
0.7407108753870751,-0.12491978668775715,-0.5609748304808926,0.0,1.0,0.0,0.0,1.0
1.2018099353148222,-0.3766033765200472,-0.5609748304808926,1.0,0.0,0.0,0.0,1.0
0.9712604053509487,-0.11913106412161445,-0.5609748304808926,0.0,1.0,0.0,0.0,1.0
-0.5657364610748749,2.4029901895877646,-0.5609748304808926,1.0,0.0,0.0,0.0,1.0
-0.10463740114712776,-0.3414522396297103,0.6792945838081279,0.0,1.0,1.0,0.0,0.0
-0.4120367744322925,0.3483299278831318,-0.5609748304808926,1.0,0.0,1.0,0.0,0.0
-0.10463740114712776,-0.11384570873513637,-0.5609748304808926,0.0,1.0,0.0,0.0,1.0
1.4323594652786957,0.39858208016340624,0.059159876663617654,0.0,1.0,0.0,0.0,1.0
-0.027787557825836574,-0.457478374542396,-0.5609748304808926,0.0,1.0,0.0,0.0,1.0
1.7397588385638605,-0.3866707201133388,-0.5609748304808926,0.0,1.0,0.0,0.0,1.0
-0.7962859910387483,-0.494391296561559,-0.5609748304808926,0.0,1.0,0.0,0.0,1.0
0.663861032065784,3.9327230485884233,-0.5609748304808926,1.0,0.0,1.0,0.0,0.0
-0.1814872444684189,-0.43700743807979686,-0.5609748304808926,1.0,0.0,0.0,0.0,1.0
-0.10463740114712776,-0.3363340021468808,-0.5609748304808926,0.0,1.0,0.0,1.0,0.0
0.2796118154593281,-0.4918744606632361,-0.5609748304808926,0.0,1.0,0.0,0.0,1.0
-1.7953339542155335,0.016023023618325295,0.059159876663617654,1.0,0.0,0.0,0.0,1.0
-0.9499856776813307,-0.5063875431873253,0.059159876663617654,0.0,1.0,0.0,0.0,1.0
0.35646165878061925,-0.3866707201133388,-0.5609748304808926,0.0,1.0,0.0,0.0,1.0
1.586059151921278,-0.3866707201133388,-0.5609748304808926,0.0,1.0,0.0,0.0,1.0
-0.1814872444684189,0.4207302360686478,0.059159876663617654,0.0,1.0,0.0,0.0,1.0
-0.7194361477174571,-0.47400492578514347,-0.5609748304808926,0.0,1.0,0.0,0.0,1.0
0.0490622854954546,-0.22559322262067316,1.2994292909526381,1.0,0.0,0.0,0.0,1.0
-0.10463740114712776,-0.4926295114327329,-0.5609748304808926,1.0,0.0,0.0,1.0,0.0
-0.3351869311110013,-0.12491978668775715,0.059159876663617654,0.0,1.0,0.0,0.0,1.0
-0.3351869311110013,-0.4888542575852486,0.059159876663617654,1.0,0.0,0.0,0.0,1.0
-0.027787557825836574,3.6067927997556075,-0.5609748304808926,1.0,0.0,0.0,0.0,1.0
-1.4110847376090778,-0.2701412180209885,-0.5609748304808926,0.0,1.0,1.0,0.0,0.0
-0.10463740114712776,-0.6484216535389205,-0.5609748304808926,0.0,1.0,0.0,0.0,1.0
-0.48888661775358366,-0.3866707201133388,-0.5609748304808926,0.0,1.0,0.0,0.0,1.0
-0.48888661775358366,-0.3866707201133388,-0.5609748304808926,0.0,1.0,0.0,0.0,1.0
-0.06621247948648216,-0.32425318983493084,-0.5609748304808926,0.0,1.0,0.0,0.0,1.0
1.4323594652786957,0.0437082184998772,1.9195639980971484,1.0,0.0,0.0,0.0,1.0
0.4333115021019105,9.667166525013505,-0.5609748304808926,0.0,1.0,1.0,0.0,0.0
-0.10463740114712776,-0.4894421904510968,-0.5609748304808926,0.0,1.0,0.0,0.0,1.0
-0.10463740114712776,-0.4894421904510968,-0.5609748304808926,0.0,1.0,0.0,0.0,1.0
-0.10463740114712776,-0.044381037941424326,-0.5609748304808926,0.0,1.0,0.0,0.0,1.0
0.5101613454232016,0.9391984311231651,0.059159876663617654,0.0,1.0,0.0,0.0,1.0
-0.642586304396166,4.634416897040849,1.9195639980971484,1.0,0.0,1.0,0.0,0.0
-0.4120367744322925,-0.32425318983493084,0.059159876663617654,0.0,1.0,0.0,0.0,1.0
0.12591212881674577,-0.4888542575852486,-0.5609748304808926,0.0,1.0,0.0,0.0,1.0
3.1230560183471017,0.7811411367084872,0.6792945838081279,0.0,1.0,0.0,0.0,1.0
-1.0268355210026219,-0.24069423801061057,0.6792945838081279,0.0,1.0,0.0,0.0,1.0
0.0490622854954546,-0.3866707201133388,-0.5609748304808926,1.0,0.0,0.0,0.0,1.0
-0.7962859910387483,0.4207302360686478,0.059159876663617654,0.0,1.0,0.0,0.0,1.0
0.12591212881674577,-0.49237782784290063,-0.5609748304808926,0.0,1.0,0.0,1.0,0.0
-1.9490336408581161,-0.18532384824750675,0.6792945838081279,1.0,0.0,0.0,0.0,1.0
-1.7953339542155335,-0.397241430886295,0.059159876663617654,0.0,1.0,0.0,0.0,1.0
0.2796118154593281,-0.45714212526638004,-0.5609748304808926,0.0,1.0,0.0,0.0,1.0
-0.48888661775358366,-0.4894421904510968,-0.5609748304808926,0.0,1.0,0.0,0.0,1.0
1.4323594652786957,0.6603330135889879,1.2994292909526381,1.0,0.0,0.0,0.0,1.0
-2.2049436191180156,-0.35646868933346404,0.6792945838081279,0.0,1.0,0.0,0.0,1.0
-0.10463740114712776,-0.49145565916975514,-0.5609748304808926,0.0,1.0,0.0,0.0,1.0
-0.8731358343600396,-0.41687275089321363,-0.5609748304808926,0.0,1.0,0.0,0.0,1.0
0.35646165878061925,-0.4863374216869257,-0.5609748304808926,0.0,1.0,0.0,0.0,1.0
0.2796118154593281,1.093228788100527,-0.5609748304808926,1.0,0.0,0.0,0.0,1.0
-0.10463740114712776,-0.35646868933346404,-0.5609748304808926,0.0,1.0,0.0,0.0,1.0
0.8944105620296575,-0.5049620073345151,-0.5609748304808926,0.0,1.0,0.0,0.0,1.0
-0.7194361477174571,-0.5028639729296732,-0.5609748304808926,0.0,1.0,1.0,0.0,0.0
0.5101613454232016,1.7677408088510642,1.2994292909526381,1.0,0.0,0.0,0.0,1.0
-1.0268355210026219,-0.4918744606632361,-0.5609748304808926,0.0,1.0,0.0,0.0,1.0
1.6629089952425693,0.921244330558889,0.059159876663617654,1.0,0.0,0.0,0.0,1.0
-0.10463740114712776,0.1489119590497745,-0.5609748304808926,0.0,1.0,1.0,0.0,0.0
0.08748720715610019,-0.49237782784290063,-0.5609748304808926,1.0,0.0,0.0,1.0,0.0
-0.10463740114712776,-0.1621689579829361,0.059159876663617654,0.0,1.0,0.0,1.0,0.0
0.20276197213803698,-0.4800453319411184,-0.5609748304808926,0.0,1.0,0.0,0.0,1.0
-0.4120367744322925,-0.45714212526638004,-0.5609748304808926,0.0,1.0,0.0,0.0,1.0
1.4323594652786957,-0.4902797934380587,-0.5609748304808926,0.0,1.0,0.0,0.0,1.0
2.124008055170316,-0.43700743807979686,-0.5609748304808926,1.0,0.0,0.0,0.0,1.0
-0.10463740114712776,-0.5029485386158568,-0.5609748304808926,0.0,1.0,1.0,0.0,0.0
1.8934585252064429,-0.18532384824750675,1.9195639980971484,1.0,0.0,0.0,0.0,1.0
-0.8731358343600396,-0.49237782784290063,-0.5609748304808926,0.0,1.0,0.0,0.0,1.0
-0.10463740114712776,-0.49237782784290063,-0.5609748304808926,0.0,1.0,0.0,1.0,0.0
-1.872183797536825,-0.397241430886295,-0.5609748304808926,1.0,0.0,0.0,0.0,1.0
-0.10463740114712776,-0.4926295114327329,-0.5609748304808926,0.0,1.0,0.0,1.0,0.0
1.0481102486722398,3.6067927997556075,0.059159876663617654,1.0,0.0,0.0,0.0,1.0
-1.2573850509664954,-0.5028639729296732,-0.5609748304808926,1.0,0.0,1.0,0.0,0.0
-0.9499856776813307,0.49925551609632224,0.059159876663617654,1.0,0.0,0.0,0.0,1.0
-0.027787557825836574,-0.044381037941424326,-0.5609748304808926,0.0,1.0,0.0,0.0,1.0
-0.10463740114712776,-0.17626323901354432,1.2994292909526381,0.0,1.0,0.0,0.0,1.0
-0.3351869311110013,-0.5064721088735089,-0.5609748304808926,0.0,1.0,0.0,0.0,1.0
-0.3351869311110013,-0.5024451714361923,-0.5609748304808926,0.0,1.0,0.0,0.0,1.0
-0.8731358343600396,-0.4974960653257301,-0.5609748304808926,1.0,0.0,0.0,0.0,1.0
-1.6416342675729514,-0.061998889229684634,2.539698705241659,0.0,1.0,0.0,1.0,0.0
-2.1795831708219895,-0.23415046467497105,1.2994292909526381,0.0,1.0,0.0,0.0,1.0
1.2786597786361136,0.9462455716384695,-0.5609748304808926,0.0,1.0,1.0,0.0,0.0
-0.10463740114712776,-0.49237782784290063,-0.5609748304808926,0.0,1.0,0.0,1.0,0.0
-1.0268355210026219,-0.12491978668775715,-0.5609748304808926,0.0,1.0,0.0,0.0,1.0
-0.10463740114712776,0.7519458402879414,5.6403722409642105,1.0,0.0,0.0,0.0,1.0
-0.10463740114712776,-0.030371322596999758,-0.5609748304808926,0.0,1.0,1.0,0.0,0.0
-0.3351869311110013,-0.4894421904510968,-0.5609748304808926,0.0,1.0,0.0,0.0,1.0
0.7407108753870751,-0.3866707201133388,-0.5609748304808926,0.0,1.0,0.0,0.0,1.0
1.509209308599987,-0.1263453225405672,-0.5609748304808926,1.0,0.0,0.0,0.0,1.0
0.12591212881674577,-0.4735861242916626,-0.5609748304808926,1.0,0.0,0.0,0.0,1.0
0.0490622854954546,-0.5028639729296732,-0.5609748304808926,0.0,1.0,1.0,0.0,0.0
0.0490622854954546,-0.1621689579829361,0.6792945838081279,1.0,0.0,0.0,0.0,1.0
0.35646165878061925,-0.3866707201133388,-0.5609748304808926,0.0,1.0,0.0,0.0,1.0
0.12591212881674577,-0.11988611489111134,0.6792945838081279,1.0,0.0,0.0,0.0,1.0
-1.4110847376090778,1.7677408088510642,1.2994292909526381,0.0,1.0,0.0,0.0,1.0
-2.2241560799483384,-0.47694056317694733,0.059159876663617654,0.0,1.0,1.0,0.0,0.0
-0.1814872444684189,-0.5079822104125026,-0.5609748304808926,0.0,1.0,0.0,0.0,1.0
0.12591212881674577,-0.4918744606632361,-0.5609748304808926,0.0,1.0,0.0,0.0,1.0
0.7407108753870751,-0.6484216535389205,-0.5609748304808926,0.0,1.0,0.0,0.0,1.0
-0.8731358343600396,-0.4918744606632361,-0.5609748304808926,1.0,0.0,0.0,0.0,1.0
0.7407108753870751,-0.3866707201133388,-0.5609748304808926,0.0,1.0,0.0,0.0,1.0
0.2796118154593281,0.4207302360686478,0.059159876663617654,1.0,0.0,0.0,0.0,1.0
-0.25833708778971004,-0.4896093083547455,-0.5609748304808926,0.0,1.0,0.0,0.0,1.0
0.7407108753870751,-0.1621689579829361,-0.5609748304808926,0.0,1.0,0.0,0.0,1.0
0.4333115021019105,-0.43700743807979686,-0.5609748304808926,0.0,1.0,0.0,0.0,1.0
-1.7953339542155335,-0.018709311778530763,3.159833412386169,1.0,0.0,0.0,0.0,1.0
0.08748720715610019,-0.4863374216869257,-0.5609748304808926,0.0,1.0,0.0,0.0,1.0
-0.10463740114712776,-0.6484216535389205,-0.5609748304808926,0.0,1.0,0.0,0.0,1.0
-0.48888661775358366,-0.4888542575852486,-0.5609748304808926,1.0,0.0,0.0,0.0,1.0
0.12591212881674577,0.09664633805084172,0.6792945838081279,0.0,1.0,1.0,0.0,0.0
1.0481102486722398,-0.5185529211854588,-0.5609748304808926,0.0,1.0,0.0,0.0,1.0
-1.487934580930369,-0.08666388103324908,2.539698705241659,0.0,1.0,0.0,0.0,1.0
1.7397588385638605,1.2341715984066093,0.6792945838081279,1.0,0.0,0.0,0.0,1.0
-0.1814872444684189,-0.47400492578514347,-0.5609748304808926,0.0,1.0,0.0,0.0,1.0
0.663861032065784,-0.6484216535389205,-0.5609748304808926,0.0,1.0,0.0,0.0,1.0
-0.1814872444684189,-0.397241430886295,0.059159876663617654,1.0,0.0,0.0,0.0,1.0
-2.1027333275006983,0.1506737441786005,2.539698705241659,0.0,1.0,0.0,0.0,1.0
-0.10463740114712776,-0.5084855775921673,-0.5609748304808926,0.0,1.0,0.0,1.0,0.0
-0.10463740114712776,0.48910360681684706,-0.5609748304808926,0.0,1.0,0.0,0.0,1.0
-2.1795831708219895,0.09664633805084172,0.6792945838081279,0.0,1.0,1.0,0.0,0.0
-0.10463740114712776,-0.49237782784290063,-0.5609748304808926,0.0,1.0,0.0,1.0,0.0
2.508257271776772,0.962353321387736,-0.5609748304808926,1.0,0.0,0.0,0.0,1.0
-1.103685364323913,-0.3573908580066095,0.059159876663617654,1.0,0.0,1.0,0.0,0.0
-2.1926476441866094,-0.2708962687904854,0.6792945838081279,0.0,1.0,0.0,0.0,1.0
-0.10463740114712776,-0.5028639729296732,-0.5609748304808926,0.0,1.0,1.0,0.0,0.0
-0.48888661775358366,-0.4902797934380587,-0.5609748304808926,0.0,1.0,0.0,0.0,1.0
-0.8731358343600396,-0.48130374989027985,-0.5609748304808926,0.0,1.0,0.0,0.0,1.0
0.7407108753870751,1.0259447039291216,0.6792945838081279,1.0,0.0,1.0,0.0,0.0
-0.642586304396166,-0.47400492578514347,-0.5609748304808926,0.0,1.0,0.0,0.0,1.0
-0.10463740114712776,-0.4863374216869257,-0.5609748304808926,0.0,1.0,0.0,0.0,1.0
0.20276197213803698,0.48910360681684706,-0.5609748304808926,0.0,1.0,0.0,0.0,1.0
-0.10463740114712776,-0.0504214440973993,-0.5609748304808926,0.0,1.0,1.0,0.0,0.0
-0.7194361477174571,-0.4888542575852486,-0.5609748304808926,0.0,1.0,0.0,0.0,1.0
-1.0268355210026219,-0.43700743807979686,-0.5609748304808926,0.0,1.0,0.0,0.0,1.0
0.0490622854954546,-0.024246350754841117,-0.5609748304808926,1.0,0.0,1.0,0.0,0.0
0.3948865804412649,-0.5188046047752911,-0.5609748304808926,0.0,1.0,1.0,0.0,0.0
-0.9499856776813307,-0.47400492578514347,-0.5609748304808926,0.0,1.0,0.0,0.0,1.0
0.9712604053509487,-0.49640476528021726,-0.5609748304808926,0.0,1.0,0.0,0.0,1.0
-0.10463740114712776,0.7519458402879414,5.6403722409642105,0.0,1.0,0.0,0.0,1.0
0.4333115021019105,-0.4894421904510968,-0.5609748304808926,0.0,1.0,1.0,0.0,0.0
-0.10463740114712776,0.016023023618325295,0.059159876663617654,0.0,1.0,0.0,0.0,1.0
-0.10463740114712776,1.145663540471827,0.059159876663617654,1.0,0.0,1.0,0.0,0.0
-1.9490336408581161,-0.018709311778530763,3.159833412386169,0.0,1.0,0.0,0.0,1.0
3.4304553916322664,-0.4918744606632361,-0.5609748304808926,0.0,1.0,0.0,0.0,1.0
-1.56478442425166,-0.3414522396297103,0.6792945838081279,1.0,0.0,1.0,0.0,0.0
-1.0268355210026219,0.14488502161245778,0.059159876663617654,1.0,0.0,0.0,0.0,1.0
1.1249600919935312,-0.12491978668775715,0.059159876663617654,1.0,0.0,0.0,0.0,1.0
-0.8731358343600396,-0.4601623283443675,0.059159876663617654,1.0,0.0,0.0,0.0,1.0
1.2018099353148222,2.671117778445337,0.6792945838081279,1.0,0.0,0.0,0.0,1.0
1.6629089952425693,-0.11384570873513637,-0.5609748304808926,0.0,1.0,0.0,0.0,1.0
-0.4120367744322925,-0.26066180729354516,1.2994292909526381,1.0,0.0,1.0,0.0,0.0
-0.10463740114712776,-0.5028639729296732,-0.5609748304808926,0.0,1.0,1.0,0.0,0.0
0.8944105620296575,-0.36435544630444866,0.6792945838081279,0.0,1.0,0.0,0.0,1.0
-0.642586304396166,-0.41687275089321363,0.059159876663617654,0.0,1.0,0.0,0.0,1.0
1.4323594652786957,-0.1263453225405672,-0.5609748304808926,1.0,0.0,0.0,0.0,1.0
-0.10463740114712776,0.7519458402879414,5.6403722409642105,1.0,0.0,0.0,0.0,1.0
-0.4120367744322925,-0.3866707201133388,-0.5609748304808926,0.0,1.0,0.0,0.0,1.0
0.9712604053509487,-0.3866707201133388,-0.5609748304808926,1.0,0.0,0.0,0.0,1.0
-0.1814872444684189,-0.3693891181010945,0.059159876663617654,1.0,0.0,1.0,0.0,0.0
0.12591212881674577,0.3682954836973478,-0.5609748304808926,0.0,1.0,0.0,0.0,1.0
-0.10463740114712776,-0.45714212526638004,-0.5609748304808926,0.0,1.0,0.0,0.0,1.0
-1.9490336408581161,-0.4242561406845337,0.6792945838081279,0.0,1.0,0.0,0.0,1.0
-0.25833708778971004,-0.4894421904510968,-0.5609748304808926,0.0,1.0,0.0,0.0,1.0
1.3555096219574045,0.40974072380221066,0.6792945838081279,1.0,0.0,0.0,0.0,1.0
0.2796118154593281,-0.5477482176060045,-0.5609748304808926,0.0,1.0,0.0,0.0,1.0
1.3555096219574045,-0.46720946885967163,-0.5609748304808926,0.0,1.0,0.0,0.0,1.0
-0.10463740114712776,-0.16518916106092355,0.059159876663617654,1.0,0.0,1.0,0.0,0.0
-1.103685364323913,-0.5029485386158568,-0.5609748304808926,1.0,0.0,1.0,0.0,0.0
-0.7194361477174571,-0.45017955043725955,-0.5609748304808926,0.0,1.0,0.0,0.0,1.0
-0.7962859910387483,-0.4894421904510968,-0.5609748304808926,0.0,1.0,0.0,0.0,1.0
-0.10463740114712776,-0.4894421904510968,-0.5609748304808926,0.0,1.0,0.0,0.0,1.0
2.0471582118490255,1.0259447039291216,0.059159876663617654,1.0,0.0,1.0,0.0,0.0
-0.3351869311110013,-0.12491978668775715,0.059159876663617654,1.0,0.0,0.0,0.0,1.0
0.2796118154593281,-0.4894421904510968,-0.5609748304808926,0.0,1.0,0.0,0.0,1.0
-0.5657364610748749,-0.4366711888037809,-0.5609748304808926,1.0,0.0,0.0,0.0,1.0
-0.10463740114712776,-0.43700743807979686,-0.5609748304808926,0.0,1.0,0.0,0.0,1.0
-0.3351869311110013,-0.5064721088735089,-0.5609748304808926,0.0,1.0,0.0,0.0,1.0
0.7407108753870751,-0.061998889229684634,2.539698705241659,1.0,0.0,0.0,1.0,0.0
-0.1814872444684189,-0.3866707201133388,-0.5609748304808926,0.0,1.0,0.0,0.0,1.0
-0.7962859910387483,-0.044381037941424326,-0.5609748304808926,1.0,0.0,0.0,0.0,1.0
-0.10463740114712776,-0.17626323901354432,1.2994292909526381,1.0,0.0,0.0,0.0,1.0
-0.25833708778971004,-0.044381037941424326,-0.5609748304808926,0.0,1.0,1.0,0.0,0.0
0.20276197213803698,-0.49237782784290063,-0.5609748304808926,0.0,1.0,0.0,1.0,0.0
